严重度,类型,文件,行号,命中,原文
高,异类品类残留,01 立项批准书E0\客户需求书E0.assets\sheets_md\04_功能规格部分.md,15,PC Link,| 9 | PC Link | ■No | □Yes 描述： |  |  |  |  |  |  |  |  |  |  |  |  |  |  |  |  |  |  |  |  |  |  |  |  |  |  | ... |
高,异类品类残留,04 设计输入E0\设计输入汇总表E0.assets\sheets_md\02_功能规格部分.md,17,PC Link,| 9 | PC Link | ■No | □Yes 描述： |  |  |  |  |
高,异类品类残留,04 设计输入E0\设计输入评审检查表.assets\sheets_md\01_设计输入列表.md,36,PC Link,| 9 | PC Link |  | 《红外体温计功能规格部分》9 | ■是     □否 | ■是     □否 | —— | ■是     □否 |  |  |  |  |  |  |  |  |  |  |  |  |  |  |  
高,异类品类残留,08 T1样机\01-DFMEA E0\结构类FMEA  E0.assets\sheets_md\02_严重度(S).md,4,血压计,|  | 无警告的严重危害 | 潜在失效模式影响血压计的安全运行和/或包含不符合法规情形，失效发生时无预警。会危及使用者。 | 10 |
高,异类品类残留,08 T1样机\01-DFMEA E0\结构类FMEA  E0.assets\sheets_md\02_严重度(S).md,4,血压,|  | 无警告的严重危害 | 潜在失效模式影响血压计的安全运行和/或包含不符合法规情形，失效发生时无预警。会危及使用者。 | 10 |
高,异类品类残留,08 T1样机\01-DFMEA E0\结构类FMEA  E0.assets\sheets_md\02_严重度(S).md,5,血压计,|  | 有警告的严重危害 | 潜在失效模式影响血压计的安全运行和/或包含不符合法规情形，失效发生时有预警。会危及使用者。 | 9 |
高,异类品类残留,08 T1样机\01-DFMEA E0\结构类FMEA  E0.assets\sheets_md\02_严重度(S).md,5,血压,|  | 有警告的严重危害 | 潜在失效模式影响血压计的安全运行和/或包含不符合法规情形，失效发生时有预警。会危及使用者。 | 9 |
高,异类品类残留,08 T1样机\01-DFMEA E0\结构类FMEA  E0.assets\sheets_md\02_严重度(S).md,6,血压计,|  | 很高 | 血压计无法运行，丧失基本功能，顾客很不满意。 | 8 |
高,异类品类残留,08 T1样机\01-DFMEA E0\结构类FMEA  E0.assets\sheets_md\02_严重度(S).md,6,血压,|  | 很高 | 血压计无法运行，丧失基本功能，顾客很不满意。 | 8 |
高,异类品类残留,08 T1样机\01-DFMEA E0\结构类FMEA  E0.assets\sheets_md\02_严重度(S).md,7,血压计,|  | 高 | 血压计能运行，但性能下降。顾客很不满意。 | 7 |
高,异类品类残留,08 T1样机\01-DFMEA E0\结构类FMEA  E0.assets\sheets_md\02_严重度(S).md,7,血压,|  | 高 | 血压计能运行，但性能下降。顾客很不满意。 | 7 |
高,异类品类残留,08 T1样机\01-DFMEA E0\结构类FMEA  E0.assets\sheets_md\02_严重度(S).md,8,血压计,|  | 中等 | 血压计能运行，但丧失部分功能。顾客不满意。 | 6 |
高,异类品类残留,08 T1样机\01-DFMEA E0\结构类FMEA  E0.assets\sheets_md\02_严重度(S).md,8,血压,|  | 中等 | 血压计能运行，但丧失部分功能。顾客不满意。 | 6 |
高,异类品类残留,08 T1样机\01-DFMEA E0\结构类FMEA  E0.assets\sheets_md\02_严重度(S).md,9,血压计,|  | 低 | 血压计能运行，但部分功能性能下降。顾客有些不满意。 | 5 |
高,异类品类残留,08 T1样机\01-DFMEA E0\结构类FMEA  E0.assets\sheets_md\02_严重度(S).md,9,血压,|  | 低 | 血压计能运行，但部分功能性能下降。顾客有些不满意。 | 5 |
高,异类品类残留,08 T1样机\04-设计验证计划E0\设计验证计划-功能规格部分E0.assets\sheets_md\02_设计验证_功能.md,20,PC Link,| 9 | PC Link | ■No | □Yes 描述： |  |  | ■不适用 □手板 □T1 □T2 □试产 | —— | —— |  |  |  |
高,异类品类残留,08 T1样机\04-设计验证计划E0\设计验证计划-通用要求和法规部分E0.assets\sheets_md\01_设计验证计划_通用.md,32,血压,| 20 | 电池<br> battery | □可充电电池：在充满电后，电池电量至少能进行   次血压测量，并且电池性能参数不变。<br>□电池：需要符合WERC认证<br>■无要求 | □手板■T1□设计确认 | 电池寿命测试报告 | 
高,异类品类残留,08 T1样机\10-PT9L标签审核表.assets\sheets_md\01_标签报告模板_-美.md,11,袖带,|  | A | NA | 说明书 | 彩包装 | 铭牌 | 外箱 | 袖带 |  |  |  |  |  |
高,异类品类残留,08 T1样机\13-设计验证报告E0\设计验证报告-功能和组件部分E0.assets\sheets_md\01_设计验证_功能.md,18,PC Link,| 9 | PC Link | ■No | □Yes 描述： |  |  | ■不适用 □手板 □T1 □T2 □试产 | —— | —— | —— | —— |  |  |
高,异类品类残留,11-设计确认\10-设计验证报告-设计确认阶段\设计验证报告-通用要求和法规部分.assets\sheets_md\02_设计验证_通用-确认阶段.md,31,血压,| 20 | 电池<br> battery | □可充电电池：在充满电后，电池电量至少能进行   次血压测量，并且电池性能参数不变。<br>□电池：需要符合WERC认证<br>■无要求 | □手板■T1□设计确认 | -- | -- | -
中,异类型号残留,02 开发计划E0\项目进度表.md,48,PT9C,"""title"": ""Microsoft Project - PT9C.mpp"","
中,异类型号残留,08 T1样机\15-BOM\机芯类组件清单PT9L-EBOM01 V1.0.assets\sheets_md\01_机芯类.md,37,PT9C,| 2 | PCB | K0118000084609A1106 | FR4 | PT9C-CNTP01 V1.0 |  |  | 1 | PCB | √ | C |  |  |  |  |  |  |  |  |  |  |  |  |  
中,异类型号残留,09-设计输出\PT9L-设计输出清单一\设计输出清单一\机芯类组件清单PT9L-EBOM01 V1.0.assets\sheets_md\01_机芯类.md,37,PT9C,| 2 | PCB | K0118000084609A1106 | FR4 | PT9C-CNTP01 V1.0 |  |  | 1 | PCB | √ | C |  |  |  |  |  |  |  |  |  |  |  |  |  
中,异类型号残留,09-设计输出\PT9L-设计输出清单一\设计输出清单一\设计输出清单一.assets\sheets_md\01_硬件、软件.md,17,PT9C,| 3 | 接口板PCB图 | Top  Layer 层 |  |  | PT9C-CNTP01 V1.0 | V1.0 |  |  |  |  |  |  |  |  |  |  |  |  |  |  |  |  |  |  |  | 
中,异类型号残留,09-设计输出\设计输出清单二\图纸\FDIR-V14_散热器压块_REV01_0714.md,3,FDIR,source_file: FDIR-V14_散热器压块_REV01_0714.pdf
中,异类型号残留,09-设计输出\设计输出清单二\图纸\FDIR-V14_散热器压块_REV01_0714.md,4,FDIR,source_relative_path: 02_RnD_DHF/09-设计输出/设计输出清单二/图纸/FDIR-V14_散热器压块_REV01_0714.pdf
中,异类型号残留,09-设计输出\设计输出清单二\图纸\FDIR-V14_散热器压块_REV01_0714.md,6,FDIR,assets_dir: FDIR-V14_散热器压块_REV01_0714.assets
中,异类型号残留,09-设计输出\设计输出清单二\图纸\FDIR-V14_散热器压块_REV01_0714.md,15,FDIR,# FDIR-V14_散热器压块_REV01_0714
中,异类型号残留,09-设计输出\设计输出清单二\图纸\FDIR-V14_散热器压块_REV01_0714.md,19,FDIR,- source: `02_RnD_DHF/09-设计输出/设计输出清单二/图纸/FDIR-V14_散热器压块_REV01_0714.pdf`
中,异类型号残留,09-设计输出\设计输出清单二\图纸\FDIR-V14_散热器压块_REV01_0714.md,20,FDIR,- assets: `FDIR-V14_散热器压块_REV01_0714.assets/`
中,异类型号残留,09-设计输出\设计输出清单二\图纸\FDIR-V14_散热器压块_REV01_0714.md,32,FDIR,- [page_manifest.csv](FDIR-V14_散热器压块_REV01_0714.assets/page_manifest.csv)
中,异类型号残留,09-设计输出\设计输出清单二\图纸\FDIR-V14_散热器压块_REV01_0714.md,33,FDIR,- [pages_text](FDIR-V14_散热器压块_REV01_0714.assets/pages_text/)
中,异类型号残留,09-设计输出\设计输出清单二\图纸\FDIR-V14_散热器压块_REV01_0714.md,34,FDIR,- [pages_ocr](FDIR-V14_散热器压块_REV01_0714.assets/pages_ocr/)
中,异类型号残留,09-设计输出\设计输出清单二\图纸\FDIR-V14_散热器压块_REV01_0714.md,35,FDIR,- [pages_png](FDIR-V14_散热器压块_REV01_0714.assets/pages_png/)
中,异类型号残留,09-设计输出\设计输出清单二\图纸\FDIR-V14_散热器压块_REV01_0714.md,36,FDIR,- [layout_manifest.csv](FDIR-V14_散热器压块_REV01_0714.assets/pages_layout/layout_manifest.csv)
中,异类型号残留,09-设计输出\设计输出清单二\图纸\FDIR-V14_散热器压块_REV01_0714.md,37,FDIR,- [pages_ordered_md](FDIR-V14_散热器压块_REV01_0714.assets/pages_ordered_md/)
中,异类型号残留,09-设计输出\设计输出清单二\图纸\FDIR-V14_散热器压块_REV01_0714.md,38,FDIR,- [visual_evidence_manifest.csv](FDIR-V14_散热器压块_REV01_0714.assets/visual_evidence_manifest.csv)
中,异类型号残留,09-设计输出\设计输出清单二\图纸\FDIR-V14_散热器压块_REV01_0714.md,39,FDIR,- [semantic_findings_manifest.csv](FDIR-V14_散热器压块_REV01_0714.assets/semantic_findings_manifest.csv)
中,异类型号残留,09-设计输出\设计输出清单二\图纸\FDIR-V14_散热器压块_REV01_0714.md,40,FDIR,- [image_manifest.csv](FDIR-V14_散热器压块_REV01_0714.assets/image_manifest.csv)
中,异类型号残留,09-设计输出\设计输出清单二\图纸\FDIR-V14_散热器压块_REV01_0714.md,41,FDIR,- [conversion_loss.json](FDIR-V14_散热器压块_REV01_0714.assets/conversion_loss.json)
中,异类型号残留,09-设计输出\设计输出清单二\图纸\FDIR-V14_散热器压块_REV01_0714.md,63,FDIR,- Page 1: [png](FDIR-V14_散热器压块_REV01_0714.assets/pages_png/page_001.png); text_chars=673; ocr=done; risk=possible_column
中,异类型号残留,09-设计输出\设计输出清单二\图纸\FDIR-V14_散热器压块_REV01_0714.assets\pages_ordered_md\page_001.md,141,FDIR,FDIR-V14
中,异类型号残留,11-设计确认\16-实验报告\2025.02.12 ETX202303-07-078-03 PT9L -2-56 报告-正式.assets\pages_ordered_md\page_018.md,47,PT9C,No.: PT9C-FXGB01 V1.0 )
中,异类型号残留,11-设计确认\16-实验报告\2025.02.12 ETX202303-07-078-03 PT9L -2-56 报告-正式.assets\pages_ordered_md\page_018.md,52,PT9C,No.: PT9C-FXGB01 V1.0 )
中,异类型号残留,11-设计确认\16-实验报告\2025.02.12 ETX202303-07-078-03 PT9L -2-56 报告-正式.assets\pages_ordered_md\page_018.md,57,PT9C,No.: PT9C-FXGB01 V1.0 )
中,异类型号残留,11-设计确认\16-实验报告\2025.02.12 ETX202303-07-078-03 PT9L -2-56 报告-正式.assets\pages_ordered_md\page_018.md,62,PT9C,No.: PT9C-FXGB01 V1.0 )
中,异类型号残留,11-设计确认\16-实验报告\2025.02.12 ETX202303-07-078-03 PT9L -2-56 报告-正式.assets\pages_ordered_md\page_018.md,67,PT9C,No.: PT9C-FXGB01 V1.0 )
待确认(可能复用),异类型号残留,04 设计输入E0\设计输入评审检查表.assets\sheets_md\02_针对程序文件评审.md,7,PT3,| 2 | 性能的声明（包括正常的使用、贮存、搬运和维护）； | ■是      □否     □不适用 | 设计输入-性能规格部分<br>文件编号：PT3-SRXN01 V2.0 |  |  |
待确认(可能复用),异类型号残留,05 结构方案阶段及图样E0\结构设计方案E0.md,20,PT5,| **方案内容：**  1.上盖镜片方案：背面丝印银色，模切成型，与上盖双面胶粘贴，同T-Z1。  2.上盖与下盖固定：通过左右卡勾和电池仓三颗螺钉固定，同T-Z1。  3.按键：注塑成型，与上盖紧配合固定，同T-Z1。  4.电池盖：新
待确认(可能复用),异类型号残留,05 结构方案阶段及图样E0\结构设计方案E0.md,20,T-Z1,| **方案内容：**  1.上盖镜片方案：背面丝印银色，模切成型，与上盖双面胶粘贴，同T-Z1。  2.上盖与下盖固定：通过左右卡勾和电池仓三颗螺钉固定，同T-Z1。  3.按键：注塑成型，与上盖紧配合固定，同T-Z1。  4.电池盖：新
待确认(可能复用),异类型号残留,05 结构方案阶段及图样E0\结构设计方案评审检查表.assets\sheets_md\01_Sheet2.md,7,T-Z1,| 4 |  | 电池盖方案 | □新增设计 ■选型：T-Z1 | □通过  □不通过 □不适用 |
待确认(可能复用),异类型号残留,05 结构方案阶段及图样E0\结构设计方案评审检查表.assets\sheets_md\01_Sheet2.md,8,T-Z1,| 5 |  | 透镜方案 | □新增注塑 □新增模切 ■选型：T-Z1 | □通过  □不通过 □不适用 |
待确认(可能复用),异类型号残留,05 结构方案阶段及图样E0\结构设计方案评审检查表.assets\sheets_md\01_Sheet2.md,13,PT5,| 10 |  | 电池弹簧方案 | □新增设计 ■选型：同PT5 | □通过  □不通过 □不适用 |
待确认(可能复用),异类型号残留,08 T1样机\11-运输试验评估报告\运输试验评估报告.md,44,PT3,| **评 估 结 论** | 根据“ PT3 运输试验报告”评估：  对比结果说明： 两机型相比较，彩包装、外箱材质、开合方式、连接方式均相同、两机型相比较彩包装、外箱尺寸、重量、材质均相似，故评估该包装对本产品在运输过程中整机的安全和性
待确认(可能复用),异类型号残留,08 T1样机\12-生物相容性\PT9L生物相容性评估报告.md,20,PT5,PT9L红外体温计设计使用的材质与量产型号PT5红外耳温计一致，没有新增材料，而PT5已经做过生物相容性的相关试验，故对PT9L只进行生物相容性的测试评估。
待确认(可能复用),异类型号残留,08 T1样机\12-生物相容性\PT9L生物相容性评估报告.md,22,PT5,**二、PT9L与 量产型号PT5 材料对照表：**
待确认(可能复用),异类型号残留,08 T1样机\12-生物相容性\PT9L生物相容性评估报告.md,26,PT5,|  |  | PT9L | PT5 |
待确认(可能复用),异类型号残留,08 T1样机\12-生物相容性\PT9L生物相容性评估报告.md,35,PT5,从上表中可以看出，PT9L红外体温计在主机身、测试探头、主机镜片以及保护盖等材料方面与量产型号PT5红外耳温计一致，PT5材料性能已通过生物相容性测试，因此，PT9L红外体温计符合生物相容性的要求。
待确认(可能复用),异类型号残留,08 T1样机\12-生物相容性\同PT5生物相容性报告\PT5-生物相容性-皮肤刺激1-SDWH-M201905262-4.md,3,PT5,source_file: PT5-生物相容性-皮肤刺激1-SDWH-M201905262-4.pdf
待确认(可能复用),异类型号残留,08 T1样机\12-生物相容性\同PT5生物相容性报告\PT5-生物相容性-皮肤刺激1-SDWH-M201905262-4.md,4,PT5,source_relative_path: 02_RnD_DHF/08 T1样机/12-生物相容性/同PT5生物相容性报告/PT5-生物相容性-皮肤刺激1-SDWH-M201905262-4.pdf
待确认(可能复用),异类型号残留,08 T1样机\12-生物相容性\同PT5生物相容性报告\PT5-生物相容性-皮肤刺激1-SDWH-M201905262-4.md,6,PT5,assets_dir: PT5-生物相容性-皮肤刺激1-SDWH-M201905262-4.assets
待确认(可能复用),异类型号残留,08 T1样机\12-生物相容性\同PT5生物相容性报告\PT5-生物相容性-皮肤刺激1-SDWH-M201905262-4.md,15,PT5,# PT5-生物相容性-皮肤刺激1-SDWH-M201905262-4
待确认(可能复用),异类型号残留,08 T1样机\12-生物相容性\同PT5生物相容性报告\PT5-生物相容性-皮肤刺激1-SDWH-M201905262-4.md,19,PT5,- source: `02_RnD_DHF/08 T1样机/12-生物相容性/同PT5生物相容性报告/PT5-生物相容性-皮肤刺激1-SDWH-M201905262-4.pdf`
待确认(可能复用),异类型号残留,08 T1样机\12-生物相容性\同PT5生物相容性报告\PT5-生物相容性-皮肤刺激1-SDWH-M201905262-4.md,20,PT5,- assets: `PT5-生物相容性-皮肤刺激1-SDWH-M201905262-4.assets/`
待确认(可能复用),异类型号残留,08 T1样机\12-生物相容性\同PT5生物相容性报告\PT5-生物相容性-皮肤刺激1-SDWH-M201905262-4.md,32,PT5,- [page_manifest.csv](PT5-生物相容性-皮肤刺激1-SDWH-M201905262-4.assets/page_manifest.csv)
待确认(可能复用),异类型号残留,08 T1样机\12-生物相容性\同PT5生物相容性报告\PT5-生物相容性-皮肤刺激1-SDWH-M201905262-4.md,33,PT5,- [pages_text](PT5-生物相容性-皮肤刺激1-SDWH-M201905262-4.assets/pages_text/)
待确认(可能复用),异类型号残留,08 T1样机\12-生物相容性\同PT5生物相容性报告\PT5-生物相容性-皮肤刺激1-SDWH-M201905262-4.md,34,PT5,- [pages_ocr](PT5-生物相容性-皮肤刺激1-SDWH-M201905262-4.assets/pages_ocr/)
待确认(可能复用),异类型号残留,08 T1样机\12-生物相容性\同PT5生物相容性报告\PT5-生物相容性-皮肤刺激1-SDWH-M201905262-4.md,35,PT5,- [pages_png](PT5-生物相容性-皮肤刺激1-SDWH-M201905262-4.assets/pages_png/)
待确认(可能复用),异类型号残留,08 T1样机\12-生物相容性\同PT5生物相容性报告\PT5-生物相容性-皮肤刺激1-SDWH-M201905262-4.md,36,PT5,- [layout_manifest.csv](PT5-生物相容性-皮肤刺激1-SDWH-M201905262-4.assets/pages_layout/layout_manifest.csv)
待确认(可能复用),异类型号残留,08 T1样机\12-生物相容性\同PT5生物相容性报告\PT5-生物相容性-皮肤刺激1-SDWH-M201905262-4.md,37,PT5,- [pages_ordered_md](PT5-生物相容性-皮肤刺激1-SDWH-M201905262-4.assets/pages_ordered_md/)
待确认(可能复用),异类型号残留,08 T1样机\12-生物相容性\同PT5生物相容性报告\PT5-生物相容性-皮肤刺激1-SDWH-M201905262-4.md,38,PT5,- [visual_evidence_manifest.csv](PT5-生物相容性-皮肤刺激1-SDWH-M201905262-4.assets/visual_evidence_manifest.csv)
待确认(可能复用),异类型号残留,08 T1样机\12-生物相容性\同PT5生物相容性报告\PT5-生物相容性-皮肤刺激1-SDWH-M201905262-4.md,39,PT5,- [semantic_findings_manifest.csv](PT5-生物相容性-皮肤刺激1-SDWH-M201905262-4.assets/semantic_findings_manifest.csv)
待确认(可能复用),异类型号残留,08 T1样机\12-生物相容性\同PT5生物相容性报告\PT5-生物相容性-皮肤刺激1-SDWH-M201905262-4.md,40,PT5,- [image_manifest.csv](PT5-生物相容性-皮肤刺激1-SDWH-M201905262-4.assets/image_manifest.csv)
待确认(可能复用),异类型号残留,08 T1样机\12-生物相容性\同PT5生物相容性报告\PT5-生物相容性-皮肤刺激1-SDWH-M201905262-4.md,41,PT5,- [conversion_loss.json](PT5-生物相容性-皮肤刺激1-SDWH-M201905262-4.assets/conversion_loss.json)
待确认(可能复用),异类型号残留,08 T1样机\12-生物相容性\同PT5生物相容性报告\PT5-生物相容性-皮肤刺激1-SDWH-M201905262-4.md,63,PT5,- Page 1: [png](PT5-生物相容性-皮肤刺激1-SDWH-M201905262-4.assets/pages_png/page_001.png); text_chars=0; ocr=done; risk=no_native
待确认(可能复用),异类型号残留,08 T1样机\12-生物相容性\同PT5生物相容性报告\PT5-生物相容性-皮肤刺激1-SDWH-M201905262-4.md,64,PT5,- Page 2: [png](PT5-生物相容性-皮肤刺激1-SDWH-M201905262-4.assets/pages_png/page_002.png); text_chars=0; ocr=done; risk=no_native
待确认(可能复用),异类型号残留,08 T1样机\12-生物相容性\同PT5生物相容性报告\PT5-生物相容性-皮肤刺激1-SDWH-M201905262-4.md,65,PT5,- Page 3: [png](PT5-生物相容性-皮肤刺激1-SDWH-M201905262-4.assets/pages_png/page_003.png); text_chars=0; ocr=done; risk=no_native
待确认(可能复用),异类型号残留,08 T1样机\12-生物相容性\同PT5生物相容性报告\PT5-生物相容性-皮肤刺激1-SDWH-M201905262-4.md,66,PT5,- Page 4: [png](PT5-生物相容性-皮肤刺激1-SDWH-M201905262-4.assets/pages_png/page_004.png); text_chars=0; ocr=done; risk=no_native
待确认(可能复用),异类型号残留,08 T1样机\12-生物相容性\同PT5生物相容性报告\PT5-生物相容性-皮肤刺激1-SDWH-M201905262-4.md,67,PT5,- Page 5: [png](PT5-生物相容性-皮肤刺激1-SDWH-M201905262-4.assets/pages_png/page_005.png); text_chars=0; ocr=done; risk=no_native
待确认(可能复用),异类型号残留,08 T1样机\12-生物相容性\同PT5生物相容性报告\PT5-生物相容性-皮肤刺激1-SDWH-M201905262-4.md,68,PT5,- Page 6: [png](PT5-生物相容性-皮肤刺激1-SDWH-M201905262-4.assets/pages_png/page_006.png); text_chars=0; ocr=done; risk=no_native
待确认(可能复用),异类型号残留,08 T1样机\12-生物相容性\同PT5生物相容性报告\PT5-生物相容性-皮肤刺激1-SDWH-M201905262-4.md,69,PT5,- Page 7: [png](PT5-生物相容性-皮肤刺激1-SDWH-M201905262-4.assets/pages_png/page_007.png); text_chars=0; ocr=done; risk=no_native
待确认(可能复用),异类型号残留,08 T1样机\12-生物相容性\同PT5生物相容性报告\PT5-生物相容性-皮肤刺激1-SDWH-M201905262-4.md,70,PT5,- Page 8: [png](PT5-生物相容性-皮肤刺激1-SDWH-M201905262-4.assets/pages_png/page_008.png); text_chars=0; ocr=done; risk=no_native
待确认(可能复用),异类型号残留,08 T1样机\12-生物相容性\同PT5生物相容性报告\PT5-生物相容性-皮肤刺激1-SDWH-M201905262-4.md,71,PT5,- Page 9: [png](PT5-生物相容性-皮肤刺激1-SDWH-M201905262-4.assets/pages_png/page_009.png); text_chars=0; ocr=done; risk=no_native
待确认(可能复用),异类型号残留,08 T1样机\12-生物相容性\同PT5生物相容性报告\PT5-生物相容性-皮肤刺激1-SDWH-M201905262-4.md,72,PT5,- Page 10: [png](PT5-生物相容性-皮肤刺激1-SDWH-M201905262-4.assets/pages_png/page_010.png); text_chars=0; ocr=done; risk=no_nativ
待确认(可能复用),异类型号残留,08 T1样机\12-生物相容性\同PT5生物相容性报告\PT5-生物相容性-皮肤刺激1-SDWH-M201905262-4.md,73,PT5,- Page 11: [png](PT5-生物相容性-皮肤刺激1-SDWH-M201905262-4.assets/pages_png/page_011.png); text_chars=0; ocr=done; risk=no_nativ
待确认(可能复用),异类型号残留,08 T1样机\12-生物相容性\同PT5生物相容性报告\PT5-生物相容性-皮肤刺激1-SDWH-M201905262-4.md,74,PT5,- Page 12: [png](PT5-生物相容性-皮肤刺激1-SDWH-M201905262-4.assets/pages_png/page_012.png); text_chars=0; ocr=done; risk=no_nativ
待确认(可能复用),异类型号残留,08 T1样机\12-生物相容性\同PT5生物相容性报告\PT5-生物相容性-皮肤刺激2-SDWH-M201905262-5.md,3,PT5,source_file: PT5-生物相容性-皮肤刺激2-SDWH-M201905262-5.pdf
待确认(可能复用),异类型号残留,08 T1样机\12-生物相容性\同PT5生物相容性报告\PT5-生物相容性-皮肤刺激2-SDWH-M201905262-5.md,4,PT5,source_relative_path: 02_RnD_DHF/08 T1样机/12-生物相容性/同PT5生物相容性报告/PT5-生物相容性-皮肤刺激2-SDWH-M201905262-5.pdf
待确认(可能复用),异类型号残留,08 T1样机\12-生物相容性\同PT5生物相容性报告\PT5-生物相容性-皮肤刺激2-SDWH-M201905262-5.md,6,PT5,assets_dir: PT5-生物相容性-皮肤刺激2-SDWH-M201905262-5.assets
待确认(可能复用),异类型号残留,08 T1样机\12-生物相容性\同PT5生物相容性报告\PT5-生物相容性-皮肤刺激2-SDWH-M201905262-5.md,15,PT5,# PT5-生物相容性-皮肤刺激2-SDWH-M201905262-5
待确认(可能复用),异类型号残留,08 T1样机\12-生物相容性\同PT5生物相容性报告\PT5-生物相容性-皮肤刺激2-SDWH-M201905262-5.md,19,PT5,- source: `02_RnD_DHF/08 T1样机/12-生物相容性/同PT5生物相容性报告/PT5-生物相容性-皮肤刺激2-SDWH-M201905262-5.pdf`
待确认(可能复用),异类型号残留,08 T1样机\12-生物相容性\同PT5生物相容性报告\PT5-生物相容性-皮肤刺激2-SDWH-M201905262-5.md,20,PT5,- assets: `PT5-生物相容性-皮肤刺激2-SDWH-M201905262-5.assets/`
待确认(可能复用),异类型号残留,08 T1样机\12-生物相容性\同PT5生物相容性报告\PT5-生物相容性-皮肤刺激2-SDWH-M201905262-5.md,32,PT5,- [page_manifest.csv](PT5-生物相容性-皮肤刺激2-SDWH-M201905262-5.assets/page_manifest.csv)
待确认(可能复用),异类型号残留,08 T1样机\12-生物相容性\同PT5生物相容性报告\PT5-生物相容性-皮肤刺激2-SDWH-M201905262-5.md,33,PT5,- [pages_text](PT5-生物相容性-皮肤刺激2-SDWH-M201905262-5.assets/pages_text/)
待确认(可能复用),异类型号残留,08 T1样机\12-生物相容性\同PT5生物相容性报告\PT5-生物相容性-皮肤刺激2-SDWH-M201905262-5.md,34,PT5,- [pages_ocr](PT5-生物相容性-皮肤刺激2-SDWH-M201905262-5.assets/pages_ocr/)
待确认(可能复用),异类型号残留,08 T1样机\12-生物相容性\同PT5生物相容性报告\PT5-生物相容性-皮肤刺激2-SDWH-M201905262-5.md,35,PT5,- [pages_png](PT5-生物相容性-皮肤刺激2-SDWH-M201905262-5.assets/pages_png/)
待确认(可能复用),异类型号残留,08 T1样机\12-生物相容性\同PT5生物相容性报告\PT5-生物相容性-皮肤刺激2-SDWH-M201905262-5.md,36,PT5,- [layout_manifest.csv](PT5-生物相容性-皮肤刺激2-SDWH-M201905262-5.assets/pages_layout/layout_manifest.csv)
待确认(可能复用),异类型号残留,08 T1样机\12-生物相容性\同PT5生物相容性报告\PT5-生物相容性-皮肤刺激2-SDWH-M201905262-5.md,37,PT5,- [pages_ordered_md](PT5-生物相容性-皮肤刺激2-SDWH-M201905262-5.assets/pages_ordered_md/)
待确认(可能复用),异类型号残留,08 T1样机\12-生物相容性\同PT5生物相容性报告\PT5-生物相容性-皮肤刺激2-SDWH-M201905262-5.md,38,PT5,- [visual_evidence_manifest.csv](PT5-生物相容性-皮肤刺激2-SDWH-M201905262-5.assets/visual_evidence_manifest.csv)
待确认(可能复用),异类型号残留,08 T1样机\12-生物相容性\同PT5生物相容性报告\PT5-生物相容性-皮肤刺激2-SDWH-M201905262-5.md,39,PT5,- [semantic_findings_manifest.csv](PT5-生物相容性-皮肤刺激2-SDWH-M201905262-5.assets/semantic_findings_manifest.csv)
待确认(可能复用),异类型号残留,08 T1样机\12-生物相容性\同PT5生物相容性报告\PT5-生物相容性-皮肤刺激2-SDWH-M201905262-5.md,40,PT5,- [image_manifest.csv](PT5-生物相容性-皮肤刺激2-SDWH-M201905262-5.assets/image_manifest.csv)
待确认(可能复用),异类型号残留,08 T1样机\12-生物相容性\同PT5生物相容性报告\PT5-生物相容性-皮肤刺激2-SDWH-M201905262-5.md,41,PT5,- [conversion_loss.json](PT5-生物相容性-皮肤刺激2-SDWH-M201905262-5.assets/conversion_loss.json)
待确认(可能复用),异类型号残留,08 T1样机\12-生物相容性\同PT5生物相容性报告\PT5-生物相容性-皮肤刺激2-SDWH-M201905262-5.md,63,PT5,- Page 1: [png](PT5-生物相容性-皮肤刺激2-SDWH-M201905262-5.assets/pages_png/page_001.png); text_chars=0; ocr=done; risk=no_native
待确认(可能复用),异类型号残留,08 T1样机\12-生物相容性\同PT5生物相容性报告\PT5-生物相容性-皮肤刺激2-SDWH-M201905262-5.md,64,PT5,- Page 2: [png](PT5-生物相容性-皮肤刺激2-SDWH-M201905262-5.assets/pages_png/page_002.png); text_chars=0; ocr=done; risk=no_native
待确认(可能复用),异类型号残留,08 T1样机\12-生物相容性\同PT5生物相容性报告\PT5-生物相容性-皮肤刺激2-SDWH-M201905262-5.md,65,PT5,- Page 3: [png](PT5-生物相容性-皮肤刺激2-SDWH-M201905262-5.assets/pages_png/page_003.png); text_chars=0; ocr=done; risk=no_native
待确认(可能复用),异类型号残留,08 T1样机\12-生物相容性\同PT5生物相容性报告\PT5-生物相容性-皮肤刺激2-SDWH-M201905262-5.md,66,PT5,- Page 4: [png](PT5-生物相容性-皮肤刺激2-SDWH-M201905262-5.assets/pages_png/page_004.png); text_chars=0; ocr=done; risk=no_native
待确认(可能复用),异类型号残留,08 T1样机\12-生物相容性\同PT5生物相容性报告\PT5-生物相容性-皮肤刺激2-SDWH-M201905262-5.md,67,PT5,- Page 5: [png](PT5-生物相容性-皮肤刺激2-SDWH-M201905262-5.assets/pages_png/page_005.png); text_chars=0; ocr=done; risk=no_native
待确认(可能复用),异类型号残留,08 T1样机\12-生物相容性\同PT5生物相容性报告\PT5-生物相容性-皮肤刺激2-SDWH-M201905262-5.md,68,PT5,- Page 6: [png](PT5-生物相容性-皮肤刺激2-SDWH-M201905262-5.assets/pages_png/page_006.png); text_chars=0; ocr=done; risk=no_native
待确认(可能复用),异类型号残留,08 T1样机\12-生物相容性\同PT5生物相容性报告\PT5-生物相容性-皮肤刺激2-SDWH-M201905262-5.md,69,PT5,- Page 7: [png](PT5-生物相容性-皮肤刺激2-SDWH-M201905262-5.assets/pages_png/page_007.png); text_chars=0; ocr=done; risk=no_native
待确认(可能复用),异类型号残留,08 T1样机\12-生物相容性\同PT5生物相容性报告\PT5-生物相容性-皮肤刺激2-SDWH-M201905262-5.md,70,PT5,- Page 8: [png](PT5-生物相容性-皮肤刺激2-SDWH-M201905262-5.assets/pages_png/page_008.png); text_chars=0; ocr=done; risk=no_native
待确认(可能复用),异类型号残留,08 T1样机\12-生物相容性\同PT5生物相容性报告\PT5-生物相容性-皮肤刺激2-SDWH-M201905262-5.md,71,PT5,- Page 9: [png](PT5-生物相容性-皮肤刺激2-SDWH-M201905262-5.assets/pages_png/page_009.png); text_chars=0; ocr=done; risk=no_native
待确认(可能复用),异类型号残留,08 T1样机\12-生物相容性\同PT5生物相容性报告\PT5-生物相容性-皮肤刺激2-SDWH-M201905262-5.md,72,PT5,- Page 10: [png](PT5-生物相容性-皮肤刺激2-SDWH-M201905262-5.assets/pages_png/page_010.png); text_chars=0; ocr=done; risk=no_nativ
待确认(可能复用),异类型号残留,08 T1样机\12-生物相容性\同PT5生物相容性报告\PT5-生物相容性-皮肤刺激2-SDWH-M201905262-5.md,73,PT5,- Page 11: [png](PT5-生物相容性-皮肤刺激2-SDWH-M201905262-5.assets/pages_png/page_011.png); text_chars=0; ocr=done; risk=no_nativ
待确认(可能复用),异类型号残留,08 T1样机\12-生物相容性\同PT5生物相容性报告\PT5-生物相容性-皮肤刺激2-SDWH-M201905262-5.md,74,PT5,- Page 12: [png](PT5-生物相容性-皮肤刺激2-SDWH-M201905262-5.assets/pages_png/page_012.png); text_chars=0; ocr=done; risk=no_nativ
待确认(可能复用),异类型号残留,08 T1样机\12-生物相容性\同PT5生物相容性报告\PT5-生物相容性-皮肤致敏1-SDWH-M201905262-2.md,3,PT5,source_file: PT5-生物相容性-皮肤致敏1-SDWH-M201905262-2.pdf
待确认(可能复用),异类型号残留,08 T1样机\12-生物相容性\同PT5生物相容性报告\PT5-生物相容性-皮肤致敏1-SDWH-M201905262-2.md,4,PT5,source_relative_path: 02_RnD_DHF/08 T1样机/12-生物相容性/同PT5生物相容性报告/PT5-生物相容性-皮肤致敏1-SDWH-M201905262-2.pdf
待确认(可能复用),异类型号残留,08 T1样机\12-生物相容性\同PT5生物相容性报告\PT5-生物相容性-皮肤致敏1-SDWH-M201905262-2.md,6,PT5,assets_dir: PT5-生物相容性-皮肤致敏1-SDWH-M201905262-2.assets
待确认(可能复用),异类型号残留,08 T1样机\12-生物相容性\同PT5生物相容性报告\PT5-生物相容性-皮肤致敏1-SDWH-M201905262-2.md,15,PT5,# PT5-生物相容性-皮肤致敏1-SDWH-M201905262-2
待确认(可能复用),异类型号残留,08 T1样机\12-生物相容性\同PT5生物相容性报告\PT5-生物相容性-皮肤致敏1-SDWH-M201905262-2.md,19,PT5,- source: `02_RnD_DHF/08 T1样机/12-生物相容性/同PT5生物相容性报告/PT5-生物相容性-皮肤致敏1-SDWH-M201905262-2.pdf`
待确认(可能复用),异类型号残留,08 T1样机\12-生物相容性\同PT5生物相容性报告\PT5-生物相容性-皮肤致敏1-SDWH-M201905262-2.md,20,PT5,- assets: `PT5-生物相容性-皮肤致敏1-SDWH-M201905262-2.assets/`
待确认(可能复用),异类型号残留,08 T1样机\12-生物相容性\同PT5生物相容性报告\PT5-生物相容性-皮肤致敏1-SDWH-M201905262-2.md,32,PT5,- [page_manifest.csv](PT5-生物相容性-皮肤致敏1-SDWH-M201905262-2.assets/page_manifest.csv)
待确认(可能复用),异类型号残留,08 T1样机\12-生物相容性\同PT5生物相容性报告\PT5-生物相容性-皮肤致敏1-SDWH-M201905262-2.md,33,PT5,- [pages_text](PT5-生物相容性-皮肤致敏1-SDWH-M201905262-2.assets/pages_text/)
待确认(可能复用),异类型号残留,08 T1样机\12-生物相容性\同PT5生物相容性报告\PT5-生物相容性-皮肤致敏1-SDWH-M201905262-2.md,34,PT5,- [pages_ocr](PT5-生物相容性-皮肤致敏1-SDWH-M201905262-2.assets/pages_ocr/)
待确认(可能复用),异类型号残留,08 T1样机\12-生物相容性\同PT5生物相容性报告\PT5-生物相容性-皮肤致敏1-SDWH-M201905262-2.md,35,PT5,- [pages_png](PT5-生物相容性-皮肤致敏1-SDWH-M201905262-2.assets/pages_png/)
待确认(可能复用),异类型号残留,08 T1样机\12-生物相容性\同PT5生物相容性报告\PT5-生物相容性-皮肤致敏1-SDWH-M201905262-2.md,36,PT5,- [layout_manifest.csv](PT5-生物相容性-皮肤致敏1-SDWH-M201905262-2.assets/pages_layout/layout_manifest.csv)
待确认(可能复用),异类型号残留,08 T1样机\12-生物相容性\同PT5生物相容性报告\PT5-生物相容性-皮肤致敏1-SDWH-M201905262-2.md,37,PT5,- [pages_ordered_md](PT5-生物相容性-皮肤致敏1-SDWH-M201905262-2.assets/pages_ordered_md/)
待确认(可能复用),异类型号残留,08 T1样机\12-生物相容性\同PT5生物相容性报告\PT5-生物相容性-皮肤致敏1-SDWH-M201905262-2.md,38,PT5,- [visual_evidence_manifest.csv](PT5-生物相容性-皮肤致敏1-SDWH-M201905262-2.assets/visual_evidence_manifest.csv)
待确认(可能复用),异类型号残留,08 T1样机\12-生物相容性\同PT5生物相容性报告\PT5-生物相容性-皮肤致敏1-SDWH-M201905262-2.md,39,PT5,- [semantic_findings_manifest.csv](PT5-生物相容性-皮肤致敏1-SDWH-M201905262-2.assets/semantic_findings_manifest.csv)
待确认(可能复用),异类型号残留,08 T1样机\12-生物相容性\同PT5生物相容性报告\PT5-生物相容性-皮肤致敏1-SDWH-M201905262-2.md,40,PT5,- [image_manifest.csv](PT5-生物相容性-皮肤致敏1-SDWH-M201905262-2.assets/image_manifest.csv)
待确认(可能复用),异类型号残留,08 T1样机\12-生物相容性\同PT5生物相容性报告\PT5-生物相容性-皮肤致敏1-SDWH-M201905262-2.md,41,PT5,- [conversion_loss.json](PT5-生物相容性-皮肤致敏1-SDWH-M201905262-2.assets/conversion_loss.json)
待确认(可能复用),异类型号残留,08 T1样机\12-生物相容性\同PT5生物相容性报告\PT5-生物相容性-皮肤致敏1-SDWH-M201905262-2.md,63,PT5,- Page 1: [png](PT5-生物相容性-皮肤致敏1-SDWH-M201905262-2.assets/pages_png/page_001.png); text_chars=0; ocr=done; risk=no_native
待确认(可能复用),异类型号残留,08 T1样机\12-生物相容性\同PT5生物相容性报告\PT5-生物相容性-皮肤致敏1-SDWH-M201905262-2.md,64,PT5,- Page 2: [png](PT5-生物相容性-皮肤致敏1-SDWH-M201905262-2.assets/pages_png/page_002.png); text_chars=0; ocr=done; risk=no_native
待确认(可能复用),异类型号残留,08 T1样机\12-生物相容性\同PT5生物相容性报告\PT5-生物相容性-皮肤致敏1-SDWH-M201905262-2.md,65,PT5,- Page 3: [png](PT5-生物相容性-皮肤致敏1-SDWH-M201905262-2.assets/pages_png/page_003.png); text_chars=0; ocr=done; risk=no_native
待确认(可能复用),异类型号残留,08 T1样机\12-生物相容性\同PT5生物相容性报告\PT5-生物相容性-皮肤致敏1-SDWH-M201905262-2.md,66,PT5,- Page 4: [png](PT5-生物相容性-皮肤致敏1-SDWH-M201905262-2.assets/pages_png/page_004.png); text_chars=0; ocr=done; risk=no_native
待确认(可能复用),异类型号残留,08 T1样机\12-生物相容性\同PT5生物相容性报告\PT5-生物相容性-皮肤致敏1-SDWH-M201905262-2.md,67,PT5,- Page 5: [png](PT5-生物相容性-皮肤致敏1-SDWH-M201905262-2.assets/pages_png/page_005.png); text_chars=0; ocr=done; risk=no_native
待确认(可能复用),异类型号残留,08 T1样机\12-生物相容性\同PT5生物相容性报告\PT5-生物相容性-皮肤致敏1-SDWH-M201905262-2.md,68,PT5,- Page 6: [png](PT5-生物相容性-皮肤致敏1-SDWH-M201905262-2.assets/pages_png/page_006.png); text_chars=0; ocr=done; risk=no_native
待确认(可能复用),异类型号残留,08 T1样机\12-生物相容性\同PT5生物相容性报告\PT5-生物相容性-皮肤致敏1-SDWH-M201905262-2.md,69,PT5,- Page 7: [png](PT5-生物相容性-皮肤致敏1-SDWH-M201905262-2.assets/pages_png/page_007.png); text_chars=0; ocr=done; risk=no_native
待确认(可能复用),异类型号残留,08 T1样机\12-生物相容性\同PT5生物相容性报告\PT5-生物相容性-皮肤致敏1-SDWH-M201905262-2.md,70,PT5,- Page 8: [png](PT5-生物相容性-皮肤致敏1-SDWH-M201905262-2.assets/pages_png/page_008.png); text_chars=0; ocr=done; risk=no_native
待确认(可能复用),异类型号残留,08 T1样机\12-生物相容性\同PT5生物相容性报告\PT5-生物相容性-皮肤致敏1-SDWH-M201905262-2.md,71,PT5,- Page 9: [png](PT5-生物相容性-皮肤致敏1-SDWH-M201905262-2.assets/pages_png/page_009.png); text_chars=0; ocr=done; risk=no_native
待确认(可能复用),异类型号残留,08 T1样机\12-生物相容性\同PT5生物相容性报告\PT5-生物相容性-皮肤致敏1-SDWH-M201905262-2.md,72,PT5,- Page 10: [png](PT5-生物相容性-皮肤致敏1-SDWH-M201905262-2.assets/pages_png/page_010.png); text_chars=0; ocr=done; risk=no_nativ
待确认(可能复用),异类型号残留,08 T1样机\12-生物相容性\同PT5生物相容性报告\PT5-生物相容性-皮肤致敏1-SDWH-M201905262-2.md,73,PT5,- Page 11: [png](PT5-生物相容性-皮肤致敏1-SDWH-M201905262-2.assets/pages_png/page_011.png); text_chars=0; ocr=done; risk=no_nativ
待确认(可能复用),异类型号残留,08 T1样机\12-生物相容性\同PT5生物相容性报告\PT5-生物相容性-皮肤致敏1-SDWH-M201905262-2.md,74,PT5,- Page 12: [png](PT5-生物相容性-皮肤致敏1-SDWH-M201905262-2.assets/pages_png/page_012.png); text_chars=0; ocr=done; risk=no_nativ
待确认(可能复用),异类型号残留,08 T1样机\12-生物相容性\同PT5生物相容性报告\PT5-生物相容性-皮肤致敏1-SDWH-M201905262-2.md,75,PT5,- Page 13: [png](PT5-生物相容性-皮肤致敏1-SDWH-M201905262-2.assets/pages_png/page_013.png); text_chars=0; ocr=done; risk=no_nativ
待确认(可能复用),异类型号残留,08 T1样机\12-生物相容性\同PT5生物相容性报告\PT5-生物相容性-皮肤致敏1-SDWH-M201905262-2.md,76,PT5,- Page 14: [png](PT5-生物相容性-皮肤致敏1-SDWH-M201905262-2.assets/pages_png/page_014.png); text_chars=0; ocr=done; risk=no_nativ
待确认(可能复用),异类型号残留,08 T1样机\12-生物相容性\同PT5生物相容性报告\PT5-生物相容性-皮肤致敏2-SDWH-M201905262-3.md,3,PT5,source_file: PT5-生物相容性-皮肤致敏2-SDWH-M201905262-3.pdf
待确认(可能复用),异类型号残留,08 T1样机\12-生物相容性\同PT5生物相容性报告\PT5-生物相容性-皮肤致敏2-SDWH-M201905262-3.md,4,PT5,source_relative_path: 02_RnD_DHF/08 T1样机/12-生物相容性/同PT5生物相容性报告/PT5-生物相容性-皮肤致敏2-SDWH-M201905262-3.pdf
待确认(可能复用),异类型号残留,08 T1样机\12-生物相容性\同PT5生物相容性报告\PT5-生物相容性-皮肤致敏2-SDWH-M201905262-3.md,6,PT5,assets_dir: PT5-生物相容性-皮肤致敏2-SDWH-M201905262-3.assets
待确认(可能复用),异类型号残留,08 T1样机\12-生物相容性\同PT5生物相容性报告\PT5-生物相容性-皮肤致敏2-SDWH-M201905262-3.md,15,PT5,# PT5-生物相容性-皮肤致敏2-SDWH-M201905262-3
待确认(可能复用),异类型号残留,08 T1样机\12-生物相容性\同PT5生物相容性报告\PT5-生物相容性-皮肤致敏2-SDWH-M201905262-3.md,19,PT5,- source: `02_RnD_DHF/08 T1样机/12-生物相容性/同PT5生物相容性报告/PT5-生物相容性-皮肤致敏2-SDWH-M201905262-3.pdf`
待确认(可能复用),异类型号残留,08 T1样机\12-生物相容性\同PT5生物相容性报告\PT5-生物相容性-皮肤致敏2-SDWH-M201905262-3.md,20,PT5,- assets: `PT5-生物相容性-皮肤致敏2-SDWH-M201905262-3.assets/`
待确认(可能复用),异类型号残留,08 T1样机\12-生物相容性\同PT5生物相容性报告\PT5-生物相容性-皮肤致敏2-SDWH-M201905262-3.md,32,PT5,- [page_manifest.csv](PT5-生物相容性-皮肤致敏2-SDWH-M201905262-3.assets/page_manifest.csv)
待确认(可能复用),异类型号残留,08 T1样机\12-生物相容性\同PT5生物相容性报告\PT5-生物相容性-皮肤致敏2-SDWH-M201905262-3.md,33,PT5,- [pages_text](PT5-生物相容性-皮肤致敏2-SDWH-M201905262-3.assets/pages_text/)
待确认(可能复用),异类型号残留,08 T1样机\12-生物相容性\同PT5生物相容性报告\PT5-生物相容性-皮肤致敏2-SDWH-M201905262-3.md,34,PT5,- [pages_ocr](PT5-生物相容性-皮肤致敏2-SDWH-M201905262-3.assets/pages_ocr/)
待确认(可能复用),异类型号残留,08 T1样机\12-生物相容性\同PT5生物相容性报告\PT5-生物相容性-皮肤致敏2-SDWH-M201905262-3.md,35,PT5,- [pages_png](PT5-生物相容性-皮肤致敏2-SDWH-M201905262-3.assets/pages_png/)
待确认(可能复用),异类型号残留,08 T1样机\12-生物相容性\同PT5生物相容性报告\PT5-生物相容性-皮肤致敏2-SDWH-M201905262-3.md,36,PT5,- [layout_manifest.csv](PT5-生物相容性-皮肤致敏2-SDWH-M201905262-3.assets/pages_layout/layout_manifest.csv)
待确认(可能复用),异类型号残留,08 T1样机\12-生物相容性\同PT5生物相容性报告\PT5-生物相容性-皮肤致敏2-SDWH-M201905262-3.md,37,PT5,- [pages_ordered_md](PT5-生物相容性-皮肤致敏2-SDWH-M201905262-3.assets/pages_ordered_md/)
待确认(可能复用),异类型号残留,08 T1样机\12-生物相容性\同PT5生物相容性报告\PT5-生物相容性-皮肤致敏2-SDWH-M201905262-3.md,38,PT5,- [visual_evidence_manifest.csv](PT5-生物相容性-皮肤致敏2-SDWH-M201905262-3.assets/visual_evidence_manifest.csv)
待确认(可能复用),异类型号残留,08 T1样机\12-生物相容性\同PT5生物相容性报告\PT5-生物相容性-皮肤致敏2-SDWH-M201905262-3.md,39,PT5,- [semantic_findings_manifest.csv](PT5-生物相容性-皮肤致敏2-SDWH-M201905262-3.assets/semantic_findings_manifest.csv)
待确认(可能复用),异类型号残留,08 T1样机\12-生物相容性\同PT5生物相容性报告\PT5-生物相容性-皮肤致敏2-SDWH-M201905262-3.md,40,PT5,- [image_manifest.csv](PT5-生物相容性-皮肤致敏2-SDWH-M201905262-3.assets/image_manifest.csv)
待确认(可能复用),异类型号残留,08 T1样机\12-生物相容性\同PT5生物相容性报告\PT5-生物相容性-皮肤致敏2-SDWH-M201905262-3.md,41,PT5,- [conversion_loss.json](PT5-生物相容性-皮肤致敏2-SDWH-M201905262-3.assets/conversion_loss.json)
待确认(可能复用),异类型号残留,08 T1样机\12-生物相容性\同PT5生物相容性报告\PT5-生物相容性-皮肤致敏2-SDWH-M201905262-3.md,63,PT5,- Page 1: [png](PT5-生物相容性-皮肤致敏2-SDWH-M201905262-3.assets/pages_png/page_001.png); text_chars=0; ocr=done; risk=no_native
待确认(可能复用),异类型号残留,08 T1样机\12-生物相容性\同PT5生物相容性报告\PT5-生物相容性-皮肤致敏2-SDWH-M201905262-3.md,64,PT5,- Page 2: [png](PT5-生物相容性-皮肤致敏2-SDWH-M201905262-3.assets/pages_png/page_002.png); text_chars=0; ocr=done; risk=no_native
待确认(可能复用),异类型号残留,08 T1样机\12-生物相容性\同PT5生物相容性报告\PT5-生物相容性-皮肤致敏2-SDWH-M201905262-3.md,65,PT5,- Page 3: [png](PT5-生物相容性-皮肤致敏2-SDWH-M201905262-3.assets/pages_png/page_003.png); text_chars=0; ocr=done; risk=no_native
待确认(可能复用),异类型号残留,08 T1样机\12-生物相容性\同PT5生物相容性报告\PT5-生物相容性-皮肤致敏2-SDWH-M201905262-3.md,66,PT5,- Page 4: [png](PT5-生物相容性-皮肤致敏2-SDWH-M201905262-3.assets/pages_png/page_004.png); text_chars=0; ocr=done; risk=no_native
待确认(可能复用),异类型号残留,08 T1样机\12-生物相容性\同PT5生物相容性报告\PT5-生物相容性-皮肤致敏2-SDWH-M201905262-3.md,67,PT5,- Page 5: [png](PT5-生物相容性-皮肤致敏2-SDWH-M201905262-3.assets/pages_png/page_005.png); text_chars=0; ocr=done; risk=no_native
待确认(可能复用),异类型号残留,08 T1样机\12-生物相容性\同PT5生物相容性报告\PT5-生物相容性-皮肤致敏2-SDWH-M201905262-3.md,68,PT5,- Page 6: [png](PT5-生物相容性-皮肤致敏2-SDWH-M201905262-3.assets/pages_png/page_006.png); text_chars=0; ocr=done; risk=no_native
待确认(可能复用),异类型号残留,08 T1样机\12-生物相容性\同PT5生物相容性报告\PT5-生物相容性-皮肤致敏2-SDWH-M201905262-3.md,69,PT5,- Page 7: [png](PT5-生物相容性-皮肤致敏2-SDWH-M201905262-3.assets/pages_png/page_007.png); text_chars=0; ocr=done; risk=no_native
待确认(可能复用),异类型号残留,08 T1样机\12-生物相容性\同PT5生物相容性报告\PT5-生物相容性-皮肤致敏2-SDWH-M201905262-3.md,70,PT5,- Page 8: [png](PT5-生物相容性-皮肤致敏2-SDWH-M201905262-3.assets/pages_png/page_008.png); text_chars=0; ocr=done; risk=no_native
待确认(可能复用),异类型号残留,08 T1样机\12-生物相容性\同PT5生物相容性报告\PT5-生物相容性-皮肤致敏2-SDWH-M201905262-3.md,71,PT5,- Page 9: [png](PT5-生物相容性-皮肤致敏2-SDWH-M201905262-3.assets/pages_png/page_009.png); text_chars=0; ocr=done; risk=no_native
待确认(可能复用),异类型号残留,08 T1样机\12-生物相容性\同PT5生物相容性报告\PT5-生物相容性-皮肤致敏2-SDWH-M201905262-3.md,72,PT5,- Page 10: [png](PT5-生物相容性-皮肤致敏2-SDWH-M201905262-3.assets/pages_png/page_010.png); text_chars=0; ocr=done; risk=no_nativ
待确认(可能复用),异类型号残留,08 T1样机\12-生物相容性\同PT5生物相容性报告\PT5-生物相容性-皮肤致敏2-SDWH-M201905262-3.md,73,PT5,- Page 11: [png](PT5-生物相容性-皮肤致敏2-SDWH-M201905262-3.assets/pages_png/page_011.png); text_chars=0; ocr=done; risk=no_nativ
待确认(可能复用),异类型号残留,08 T1样机\12-生物相容性\同PT5生物相容性报告\PT5-生物相容性-皮肤致敏2-SDWH-M201905262-3.md,74,PT5,- Page 12: [png](PT5-生物相容性-皮肤致敏2-SDWH-M201905262-3.assets/pages_png/page_012.png); text_chars=0; ocr=done; risk=no_nativ
待确认(可能复用),异类型号残留,08 T1样机\12-生物相容性\同PT5生物相容性报告\PT5-生物相容性-皮肤致敏2-SDWH-M201905262-3.md,75,PT5,- Page 13: [png](PT5-生物相容性-皮肤致敏2-SDWH-M201905262-3.assets/pages_png/page_013.png); text_chars=0; ocr=done; risk=no_nativ
待确认(可能复用),异类型号残留,08 T1样机\12-生物相容性\同PT5生物相容性报告\PT5-生物相容性-皮肤致敏2-SDWH-M201905262-3.md,76,PT5,- Page 14: [png](PT5-生物相容性-皮肤致敏2-SDWH-M201905262-3.assets/pages_png/page_014.png); text_chars=0; ocr=done; risk=no_nativ
待确认(可能复用),异类型号残留,08 T1样机\12-生物相容性\同PT5生物相容性报告\PT5-生物相容性-细胞毒性-SDWH-M201905262-1.md,3,PT5,source_file: PT5-生物相容性-细胞毒性-SDWH-M201905262-1.pdf
待确认(可能复用),异类型号残留,08 T1样机\12-生物相容性\同PT5生物相容性报告\PT5-生物相容性-细胞毒性-SDWH-M201905262-1.md,4,PT5,source_relative_path: 02_RnD_DHF/08 T1样机/12-生物相容性/同PT5生物相容性报告/PT5-生物相容性-细胞毒性-SDWH-M201905262-1.pdf
待确认(可能复用),异类型号残留,08 T1样机\12-生物相容性\同PT5生物相容性报告\PT5-生物相容性-细胞毒性-SDWH-M201905262-1.md,6,PT5,assets_dir: PT5-生物相容性-细胞毒性-SDWH-M201905262-1.assets
待确认(可能复用),异类型号残留,08 T1样机\12-生物相容性\同PT5生物相容性报告\PT5-生物相容性-细胞毒性-SDWH-M201905262-1.md,15,PT5,# PT5-生物相容性-细胞毒性-SDWH-M201905262-1
待确认(可能复用),异类型号残留,08 T1样机\12-生物相容性\同PT5生物相容性报告\PT5-生物相容性-细胞毒性-SDWH-M201905262-1.md,19,PT5,- source: `02_RnD_DHF/08 T1样机/12-生物相容性/同PT5生物相容性报告/PT5-生物相容性-细胞毒性-SDWH-M201905262-1.pdf`
待确认(可能复用),异类型号残留,08 T1样机\12-生物相容性\同PT5生物相容性报告\PT5-生物相容性-细胞毒性-SDWH-M201905262-1.md,20,PT5,- assets: `PT5-生物相容性-细胞毒性-SDWH-M201905262-1.assets/`
待确认(可能复用),异类型号残留,08 T1样机\12-生物相容性\同PT5生物相容性报告\PT5-生物相容性-细胞毒性-SDWH-M201905262-1.md,32,PT5,- [page_manifest.csv](PT5-生物相容性-细胞毒性-SDWH-M201905262-1.assets/page_manifest.csv)
待确认(可能复用),异类型号残留,08 T1样机\12-生物相容性\同PT5生物相容性报告\PT5-生物相容性-细胞毒性-SDWH-M201905262-1.md,33,PT5,- [pages_text](PT5-生物相容性-细胞毒性-SDWH-M201905262-1.assets/pages_text/)
待确认(可能复用),异类型号残留,08 T1样机\12-生物相容性\同PT5生物相容性报告\PT5-生物相容性-细胞毒性-SDWH-M201905262-1.md,34,PT5,- [pages_ocr](PT5-生物相容性-细胞毒性-SDWH-M201905262-1.assets/pages_ocr/)
待确认(可能复用),异类型号残留,08 T1样机\12-生物相容性\同PT5生物相容性报告\PT5-生物相容性-细胞毒性-SDWH-M201905262-1.md,35,PT5,- [pages_png](PT5-生物相容性-细胞毒性-SDWH-M201905262-1.assets/pages_png/)
待确认(可能复用),异类型号残留,08 T1样机\12-生物相容性\同PT5生物相容性报告\PT5-生物相容性-细胞毒性-SDWH-M201905262-1.md,36,PT5,- [layout_manifest.csv](PT5-生物相容性-细胞毒性-SDWH-M201905262-1.assets/pages_layout/layout_manifest.csv)
待确认(可能复用),异类型号残留,08 T1样机\12-生物相容性\同PT5生物相容性报告\PT5-生物相容性-细胞毒性-SDWH-M201905262-1.md,37,PT5,- [pages_ordered_md](PT5-生物相容性-细胞毒性-SDWH-M201905262-1.assets/pages_ordered_md/)
待确认(可能复用),异类型号残留,08 T1样机\12-生物相容性\同PT5生物相容性报告\PT5-生物相容性-细胞毒性-SDWH-M201905262-1.md,38,PT5,- [visual_evidence_manifest.csv](PT5-生物相容性-细胞毒性-SDWH-M201905262-1.assets/visual_evidence_manifest.csv)
待确认(可能复用),异类型号残留,08 T1样机\12-生物相容性\同PT5生物相容性报告\PT5-生物相容性-细胞毒性-SDWH-M201905262-1.md,39,PT5,- [semantic_findings_manifest.csv](PT5-生物相容性-细胞毒性-SDWH-M201905262-1.assets/semantic_findings_manifest.csv)
待确认(可能复用),异类型号残留,08 T1样机\12-生物相容性\同PT5生物相容性报告\PT5-生物相容性-细胞毒性-SDWH-M201905262-1.md,40,PT5,- [image_manifest.csv](PT5-生物相容性-细胞毒性-SDWH-M201905262-1.assets/image_manifest.csv)
待确认(可能复用),异类型号残留,08 T1样机\12-生物相容性\同PT5生物相容性报告\PT5-生物相容性-细胞毒性-SDWH-M201905262-1.md,41,PT5,- [conversion_loss.json](PT5-生物相容性-细胞毒性-SDWH-M201905262-1.assets/conversion_loss.json)
待确认(可能复用),异类型号残留,08 T1样机\12-生物相容性\同PT5生物相容性报告\PT5-生物相容性-细胞毒性-SDWH-M201905262-1.md,63,PT5,- Page 1: [png](PT5-生物相容性-细胞毒性-SDWH-M201905262-1.assets/pages_png/page_001.png); text_chars=0; ocr=done; risk=no_native_
待确认(可能复用),异类型号残留,08 T1样机\12-生物相容性\同PT5生物相容性报告\PT5-生物相容性-细胞毒性-SDWH-M201905262-1.md,64,PT5,- Page 2: [png](PT5-生物相容性-细胞毒性-SDWH-M201905262-1.assets/pages_png/page_002.png); text_chars=0; ocr=done; risk=no_native_
待确认(可能复用),异类型号残留,08 T1样机\12-生物相容性\同PT5生物相容性报告\PT5-生物相容性-细胞毒性-SDWH-M201905262-1.md,65,PT5,- Page 3: [png](PT5-生物相容性-细胞毒性-SDWH-M201905262-1.assets/pages_png/page_003.png); text_chars=0; ocr=done; risk=no_native_
待确认(可能复用),异类型号残留,08 T1样机\12-生物相容性\同PT5生物相容性报告\PT5-生物相容性-细胞毒性-SDWH-M201905262-1.md,66,PT5,- Page 4: [png](PT5-生物相容性-细胞毒性-SDWH-M201905262-1.assets/pages_png/page_004.png); text_chars=0; ocr=done; risk=no_native_
待确认(可能复用),异类型号残留,08 T1样机\12-生物相容性\同PT5生物相容性报告\PT5-生物相容性-细胞毒性-SDWH-M201905262-1.md,67,PT5,- Page 5: [png](PT5-生物相容性-细胞毒性-SDWH-M201905262-1.assets/pages_png/page_005.png); text_chars=0; ocr=done; risk=no_native_
待确认(可能复用),异类型号残留,08 T1样机\12-生物相容性\同PT5生物相容性报告\PT5-生物相容性-细胞毒性-SDWH-M201905262-1.md,68,PT5,- Page 6: [png](PT5-生物相容性-细胞毒性-SDWH-M201905262-1.assets/pages_png/page_006.png); text_chars=0; ocr=done; risk=no_native_
待确认(可能复用),异类型号残留,08 T1样机\12-生物相容性\同PT5生物相容性报告\PT5-生物相容性-细胞毒性-SDWH-M201905262-1.md,69,PT5,- Page 7: [png](PT5-生物相容性-细胞毒性-SDWH-M201905262-1.assets/pages_png/page_007.png); text_chars=0; ocr=done; risk=no_native_
待确认(可能复用),异类型号残留,08 T1样机\12-生物相容性\同PT5生物相容性报告\PT5-生物相容性-细胞毒性-SDWH-M201905262-1.md,70,PT5,- Page 8: [png](PT5-生物相容性-细胞毒性-SDWH-M201905262-1.assets/pages_png/page_008.png); text_chars=0; ocr=done; risk=no_native_
待确认(可能复用),异类型号残留,08 T1样机\12-生物相容性\同PT5生物相容性报告\PT5-生物相容性-细胞毒性-SDWH-M201905262-1.md,71,PT5,- Page 9: [png](PT5-生物相容性-细胞毒性-SDWH-M201905262-1.assets/pages_png/page_009.png); text_chars=0; ocr=done; risk=no_native_
待确认(可能复用),异类型号残留,08 T1样机\12-生物相容性\同PT5生物相容性报告\PT5-生物相容性-细胞毒性-SDWH-M201905262-1.md,72,PT5,- Page 10: [png](PT5-生物相容性-细胞毒性-SDWH-M201905262-1.assets/pages_png/page_010.png); text_chars=0; ocr=done; risk=no_native
待确认(可能复用),异类型号残留,08 T1样机\12-生物相容性\同PT5生物相容性报告\PT5-生物相容性-细胞毒性-SDWH-M201905262-1.md,73,PT5,- Page 11: [png](PT5-生物相容性-细胞毒性-SDWH-M201905262-1.assets/pages_png/page_011.png); text_chars=0; ocr=done; risk=no_native
待确认(可能复用),异类型号残留,08 T1样机\12-生物相容性\同PT5生物相容性报告\PT5-生物相容性-细胞毒性-SDWH-M201905262-1.md,74,PT5,- Page 12: [png](PT5-生物相容性-细胞毒性-SDWH-M201905262-1.assets/pages_png/page_012.png); text_chars=0; ocr=done; risk=no_native
待确认(可能复用),异类型号残留,08 T1样机\12-生物相容性\同PT5生物相容性报告\vssver2.md,4,PT5,source_relative_path: 02_RnD_DHF/08 T1样机/12-生物相容性/同PT5生物相容性报告/vssver2.scc
待确认(可能复用),异类型号残留,08 T1样机\15-BOM\包装类组件清单PT9L-PBOM V1.0.assets\sheets_md\01_包装类.md,13,PT3,| 6 | 防拆签 | T040800073941030093 | PET | PT3-F21 | PT3 |  | 2 |  | √ | C |  |  |  |  |  |  |  |  |  |  |  |  |  |  |  |  
待确认(可能复用),异类型号残留,08 T1样机\15-BOM\总装类组件清单PT9L-ABOM01 V1.0.assets\sheets_md\01_总装类.md,7,T-Z1,| 1 | 上盖 | K030200021175120485 | ABS | T-Z1-P01 | T-Z1 |  | 1 |  | √ | B |  |  |  |  |
待确认(可能复用),异类型号残留,08 T1样机\15-BOM\总装类组件清单PT9L-ABOM01 V1.0.assets\sheets_md\01_总装类.md,8,T-Z1,| 2 | 下盖 | K030200021185120485 | ABS | T-Z1-P02 | T-Z1 |  | 1 |  | √ | B |  |  |  |  |
待确认(可能复用),异类型号残留,08 T1样机\15-BOM\总装类组件清单PT9L-ABOM01 V1.0.assets\sheets_md\01_总装类.md,9,T-Z1,| 3 | 探头 | K030200021195120485 | TPU | T-Z1-P03 | T-Z1 |  | 1 |  | √ | B |  |  |  |  |
待确认(可能复用),异类型号残留,08 T1样机\15-BOM\总装类组件清单PT9L-ABOM01 V1.0.assets\sheets_md\01_总装类.md,10,T-Z1,| 4 | 电池盖 | K030200021205120485 | ABS | T-Z1-P04 | T-Z1 |  | 1 |  | √ | B |  |  |  |  |
待确认(可能复用),异类型号残留,08 T1样机\15-BOM\总装类组件清单PT9L-ABOM01 V1.0.assets\sheets_md\01_总装类.md,11,T-Z1,| 5 | 按键 | K030200021215120485 | ABS | T-Z1-P05 | T-Z1 |  | 1 |  | √ | B |  |  |  |  |
待确认(可能复用),异类型号残留,08 T1样机\15-BOM\总装类组件清单PT9L-ABOM01 V1.0.assets\sheets_md\01_总装类.md,12,T-Z1,| 6 | 开关帽 | K030200021225120485 | ABS | T-Z1-P06 | T-Z1 |  | 1 |  | √ | B |  |  |  |  |
待确认(可能复用),异类型号残留,08 T1样机\15-BOM\总装类组件清单PT9L-ABOM01 V1.0.assets\sheets_md\01_总装类.md,13,T-Z1,| 7 | 支架 | K030200021235120485 | ABS | T-Z1-P07 | T-Z1 |  | 1 |  | √ | B |  |  |  |  |
待确认(可能复用),异类型号残留,08 T1样机\15-BOM\总装类组件清单PT9L-ABOM01 V1.0.assets\sheets_md\01_总装类.md,14,T-Z1,| 8 | 保护盖 | K030200021245120485 | PC | T-Z1-P08 | T-Z1 |  | 1 |  | √ | B |  |  |  |  |
待确认(可能复用),异类型号残留,08 T1样机\15-BOM\总装类组件清单PT9L-ABOM01 V1.0.assets\sheets_md\01_总装类.md,15,T-Z1,| 9 | 透镜 | K030200021256800730 | PMMA | T-Z1-P09 | T-Z1 |  | 1 |  | √ | B |  |  |  |  |
待确认(可能复用),异类型号残留,08 T1样机\15-BOM\总装类组件清单PT9L-ABOM01 V1.0.assets\sheets_md\01_总装类.md,17,T-Z1,| 11 | 导光板 | K030200021260730073 | PMMA | T-Z1-P10 | T-Z1 |  | 1 |  | √ | B |  |  |  |  |
待确认(可能复用),异类型号残留,08 T1样机\15-BOM\总装类组件清单PT9L-ABOM01 V1.0.assets\sheets_md\01_总装类.md,18,T-Z1,| 12 | 斑马条 | K010800005533360275 | 导电硅胶 | T-Z1-P12 | T-Z1 |  | 1 |  | √ | B |  |  |  |  |
待确认(可能复用),异类型号残留,08 T1样机\15-BOM\总装类组件清单PT9L-ABOM01 V1.0.assets\sheets_md\01_总装类.md,19,PT5,"| 13 | 正极弹簧 | T030100000792550143 | Φ0.5mm镀镍不锈钢线,密封包装，须过盐雾浓度为5%(±0.5%)48h | PT5-M03 | PT5 |  | 1 |  | √ | C |  |  |  |  "
待确认(可能复用),异类型号残留,08 T1样机\15-BOM\总装类组件清单PT9L-ABOM01 V1.0.assets\sheets_md\01_总装类.md,20,PT5,"| 14 | 负极弹簧 | T030100000802550143 | Φ0.5mm镀镍不锈钢线,密封包装，须过盐雾浓度为5%(±0.5%)48h | PT5-M02 | PT5 |  | 1 |  | √ | C |  |  |  |  "
待确认(可能复用),异类型号残留,08 T1样机\15-BOM\总装类组件清单PT9L-ABOM01 V1.0.assets\sheets_md\01_总装类.md,21,PT3,| 15 | 双联弹簧 | T030100000482550143 | 0.5mm弹簧钢 | PT3-P10 | PT3 |  | 1 |  | √ | C |  |  |  |  |
待确认(可能复用),异类型号残留,08 T1样机\15-BOM\总装类组件清单PT9L-ABOM01 V1.0.assets\sheets_md\01_总装类.md,22,PT5,| 16 | 螺丝 | K030100001143480295 | DIA:2.0X5mm PB普通圆头镀镍螺丝 | Public-M23 | PT5 |  | 10 |  | √ | C |  |  |  |  |
待确认(可能复用),异类型号残留,08 T1样机\15-BOM\总装类组件清单PT9L-ABOM01 V1.0.assets\sheets_md\01_总装类.md,26,T-Z1,| 20 | 支撑垫 | K030200021297750830 | 聚氨酯 | T-Z1-P15 | T-Z1 |  | 1 |  | √ | C |  |  |  |  |
待确认(可能复用),异类型号残留,08 T1样机\15-BOM\总装类组件清单PT9L-ABOM01 V1.0.assets\sheets_md\01_总装类.md,28,PT3,| 22 | 金属套 | T030100000507180765 | 黄铜 | PT3-M02 | PT3 |  | 1 |  | √ | B |  |  |  |  |
待确认(可能复用),异类型号残留,08 T1样机\15-BOM\总装类组件清单PT9L-ABOM01 V1.0.assets\sheets_md\01_总装类.md,29,PT3,| 23 | 压块 | T030100000497180765 | 黄铜 | PT3-M01 | PT3 |  | 1 |  | √ | B |  |  |  |  |
待确认(可能复用),异类型号残留,09-设计输出\PT9L-设计输出清单一\设计输出清单一\设计输出清单一.assets\sheets_md\01_硬件、软件.md,24,T-Z1,|  |  | T-Z1-P14 |  |  |  |  |  |  |  |  |  |  |  |  |  |  |  |  |  |  |  |  |  |  |  |  |  |  |  |
待确认(可能复用),异类型号残留,09-设计输出\设计输出清单二\37ed31b4835c1e57463e2ca2628ef51.md,45,PT3,PT3-F21
待确认(可能复用),异类型号残留,09-设计输出\设计输出清单二\设计输出清单二E0.md,36,PT3,| PT3参考 | visible | 85 | 30 | [csv](设计输出清单二E0.assets/sheets_csv/03_PT3参考.csv) | [md](设计输出清单二E0.assets/sheets_md/03_PT3参考
待确认(可能复用),异类型号残留,09-设计输出\设计输出清单二\PT9L包装BOM.assets\sheets_md\01_包装类（国内非微信版）.md,12,PT3,| 6 | 防拆签 | T040800073941030093 | PET | PT3-F21 | PT3 | 2 |  | √ | C |  |  |  |  |  |  |  |  |  |  |  |  |  |  |  |  |  
待确认(可能复用),异类型号残留,09-设计输出\设计输出清单二\PT9L包装BOM.assets\sheets_md\02_包装类（国内非微信版）_(2).md,12,PT3,| 6 | 防拆签 | T040800073941030093 | PET | PT3-F21 | PT3 | 2 |  | √ | C |  |  |  |  |  |  |  |  |  |  |  |  |  |  |  |  |  
待确认(可能复用),异类型号残留,09-设计输出\设计输出清单二\包装\T040800073941030093-PT3-F21.md,3,PT3,source_file: T040800073941030093-PT3-F21.pdf
待确认(可能复用),异类型号残留,09-设计输出\设计输出清单二\包装\T040800073941030093-PT3-F21.md,4,PT3,source_relative_path: 02_RnD_DHF/09-设计输出/设计输出清单二/包装/T040800073941030093-PT3-F21.pdf
待确认(可能复用),异类型号残留,09-设计输出\设计输出清单二\包装\T040800073941030093-PT3-F21.md,6,PT3,assets_dir: T040800073941030093-PT3-F21.assets
待确认(可能复用),异类型号残留,09-设计输出\设计输出清单二\包装\T040800073941030093-PT3-F21.md,15,PT3,# T040800073941030093-PT3-F21
待确认(可能复用),异类型号残留,09-设计输出\设计输出清单二\包装\T040800073941030093-PT3-F21.md,19,PT3,- source: `02_RnD_DHF/09-设计输出/设计输出清单二/包装/T040800073941030093-PT3-F21.pdf`
待确认(可能复用),异类型号残留,09-设计输出\设计输出清单二\包装\T040800073941030093-PT3-F21.md,20,PT3,- assets: `T040800073941030093-PT3-F21.assets/`
待确认(可能复用),异类型号残留,09-设计输出\设计输出清单二\包装\T040800073941030093-PT3-F21.md,32,PT3,- [page_manifest.csv](T040800073941030093-PT3-F21.assets/page_manifest.csv)
待确认(可能复用),异类型号残留,09-设计输出\设计输出清单二\包装\T040800073941030093-PT3-F21.md,33,PT3,- [pages_text](T040800073941030093-PT3-F21.assets/pages_text/)
待确认(可能复用),异类型号残留,09-设计输出\设计输出清单二\包装\T040800073941030093-PT3-F21.md,34,PT3,- [pages_ocr](T040800073941030093-PT3-F21.assets/pages_ocr/)
待确认(可能复用),异类型号残留,09-设计输出\设计输出清单二\包装\T040800073941030093-PT3-F21.md,35,PT3,- [pages_png](T040800073941030093-PT3-F21.assets/pages_png/)
待确认(可能复用),异类型号残留,09-设计输出\设计输出清单二\包装\T040800073941030093-PT3-F21.md,36,PT3,- [layout_manifest.csv](T040800073941030093-PT3-F21.assets/pages_layout/layout_manifest.csv)
待确认(可能复用),异类型号残留,09-设计输出\设计输出清单二\包装\T040800073941030093-PT3-F21.md,37,PT3,- [pages_ordered_md](T040800073941030093-PT3-F21.assets/pages_ordered_md/)
待确认(可能复用),异类型号残留,09-设计输出\设计输出清单二\包装\T040800073941030093-PT3-F21.md,38,PT3,- [visual_evidence_manifest.csv](T040800073941030093-PT3-F21.assets/visual_evidence_manifest.csv)
待确认(可能复用),异类型号残留,09-设计输出\设计输出清单二\包装\T040800073941030093-PT3-F21.md,39,PT3,- [semantic_findings_manifest.csv](T040800073941030093-PT3-F21.assets/semantic_findings_manifest.csv)
待确认(可能复用),异类型号残留,09-设计输出\设计输出清单二\包装\T040800073941030093-PT3-F21.md,40,PT3,- [image_manifest.csv](T040800073941030093-PT3-F21.assets/image_manifest.csv)
待确认(可能复用),异类型号残留,09-设计输出\设计输出清单二\包装\T040800073941030093-PT3-F21.md,41,PT3,- [conversion_loss.json](T040800073941030093-PT3-F21.assets/conversion_loss.json)
待确认(可能复用),异类型号残留,09-设计输出\设计输出清单二\包装\T040800073941030093-PT3-F21.md,63,PT3,- Page 1: [png](T040800073941030093-PT3-F21.assets/pages_png/page_001.png); text_chars=0; ocr=done; risk=no_native_text;
待确认(可能复用),异类型号残留,09-设计输出\设计输出清单二\图纸\PT3_双联弹簧_REV01.md,3,PT3,source_file: PT3_双联弹簧_REV01.pdf
待确认(可能复用),异类型号残留,09-设计输出\设计输出清单二\图纸\PT3_双联弹簧_REV01.md,4,PT3,source_relative_path: 02_RnD_DHF/09-设计输出/设计输出清单二/图纸/PT3_双联弹簧_REV01.pdf
待确认(可能复用),异类型号残留,09-设计输出\设计输出清单二\图纸\PT3_双联弹簧_REV01.md,6,PT3,assets_dir: PT3_双联弹簧_REV01.assets
待确认(可能复用),异类型号残留,09-设计输出\设计输出清单二\图纸\PT3_双联弹簧_REV01.md,15,PT3,# PT3_双联弹簧_REV01
待确认(可能复用),异类型号残留,09-设计输出\设计输出清单二\图纸\PT3_双联弹簧_REV01.md,19,PT3,- source: `02_RnD_DHF/09-设计输出/设计输出清单二/图纸/PT3_双联弹簧_REV01.pdf`
待确认(可能复用),异类型号残留,09-设计输出\设计输出清单二\图纸\PT3_双联弹簧_REV01.md,20,PT3,- assets: `PT3_双联弹簧_REV01.assets/`
待确认(可能复用),异类型号残留,09-设计输出\设计输出清单二\图纸\PT3_双联弹簧_REV01.md,32,PT3,- [page_manifest.csv](PT3_双联弹簧_REV01.assets/page_manifest.csv)
待确认(可能复用),异类型号残留,09-设计输出\设计输出清单二\图纸\PT3_双联弹簧_REV01.md,33,PT3,- [pages_text](PT3_双联弹簧_REV01.assets/pages_text/)
待确认(可能复用),异类型号残留,09-设计输出\设计输出清单二\图纸\PT3_双联弹簧_REV01.md,34,PT3,- [pages_ocr](PT3_双联弹簧_REV01.assets/pages_ocr/)
待确认(可能复用),异类型号残留,09-设计输出\设计输出清单二\图纸\PT3_双联弹簧_REV01.md,35,PT3,- [pages_png](PT3_双联弹簧_REV01.assets/pages_png/)
待确认(可能复用),异类型号残留,09-设计输出\设计输出清单二\图纸\PT3_双联弹簧_REV01.md,36,PT3,- [layout_manifest.csv](PT3_双联弹簧_REV01.assets/pages_layout/layout_manifest.csv)
待确认(可能复用),异类型号残留,09-设计输出\设计输出清单二\图纸\PT3_双联弹簧_REV01.md,37,PT3,- [pages_ordered_md](PT3_双联弹簧_REV01.assets/pages_ordered_md/)
待确认(可能复用),异类型号残留,09-设计输出\设计输出清单二\图纸\PT3_双联弹簧_REV01.md,38,PT3,- [visual_evidence_manifest.csv](PT3_双联弹簧_REV01.assets/visual_evidence_manifest.csv)
待确认(可能复用),异类型号残留,09-设计输出\设计输出清单二\图纸\PT3_双联弹簧_REV01.md,39,PT3,- [semantic_findings_manifest.csv](PT3_双联弹簧_REV01.assets/semantic_findings_manifest.csv)
待确认(可能复用),异类型号残留,09-设计输出\设计输出清单二\图纸\PT3_双联弹簧_REV01.md,40,PT3,- [image_manifest.csv](PT3_双联弹簧_REV01.assets/image_manifest.csv)
待确认(可能复用),异类型号残留,09-设计输出\设计输出清单二\图纸\PT3_双联弹簧_REV01.md,41,PT3,- [conversion_loss.json](PT3_双联弹簧_REV01.assets/conversion_loss.json)
待确认(可能复用),异类型号残留,09-设计输出\设计输出清单二\图纸\PT3_双联弹簧_REV01.md,48,PT3,"""title"": ""PT3_正负极弹簧_REV01"","
待确认(可能复用),异类型号残留,09-设计输出\设计输出清单二\图纸\PT3_双联弹簧_REV01.md,63,PT3,- Page 1: [png](PT3_双联弹簧_REV01.assets/pages_png/page_001.png); text_chars=234; ocr=done; risk=possible_columns_or_panels
待确认(可能复用),异类型号残留,09-设计输出\设计输出清单二\图纸\T-Z1-上盖-v3.0-20240627.md,3,T-Z1,source_file: T-Z1-上盖-v3.0-20240627.pdf
待确认(可能复用),异类型号残留,09-设计输出\设计输出清单二\图纸\T-Z1-上盖-v3.0-20240627.md,4,T-Z1,source_relative_path: 02_RnD_DHF/09-设计输出/设计输出清单二/图纸/T-Z1-上盖-v3.0-20240627.pdf
待确认(可能复用),异类型号残留,09-设计输出\设计输出清单二\图纸\T-Z1-上盖-v3.0-20240627.md,6,T-Z1,assets_dir: T-Z1-上盖-v3.0-20240627.assets
待确认(可能复用),异类型号残留,09-设计输出\设计输出清单二\图纸\T-Z1-上盖-v3.0-20240627.md,15,T-Z1,# T-Z1-上盖-v3.0-20240627
待确认(可能复用),异类型号残留,09-设计输出\设计输出清单二\图纸\T-Z1-上盖-v3.0-20240627.md,19,T-Z1,- source: `02_RnD_DHF/09-设计输出/设计输出清单二/图纸/T-Z1-上盖-v3.0-20240627.pdf`
待确认(可能复用),异类型号残留,09-设计输出\设计输出清单二\图纸\T-Z1-上盖-v3.0-20240627.md,20,T-Z1,- assets: `T-Z1-上盖-v3.0-20240627.assets/`
待确认(可能复用),异类型号残留,09-设计输出\设计输出清单二\图纸\T-Z1-上盖-v3.0-20240627.md,32,T-Z1,- [page_manifest.csv](T-Z1-上盖-v3.0-20240627.assets/page_manifest.csv)
待确认(可能复用),异类型号残留,09-设计输出\设计输出清单二\图纸\T-Z1-上盖-v3.0-20240627.md,33,T-Z1,- [pages_text](T-Z1-上盖-v3.0-20240627.assets/pages_text/)
待确认(可能复用),异类型号残留,09-设计输出\设计输出清单二\图纸\T-Z1-上盖-v3.0-20240627.md,34,T-Z1,- [pages_ocr](T-Z1-上盖-v3.0-20240627.assets/pages_ocr/)
待确认(可能复用),异类型号残留,09-设计输出\设计输出清单二\图纸\T-Z1-上盖-v3.0-20240627.md,35,T-Z1,- [pages_png](T-Z1-上盖-v3.0-20240627.assets/pages_png/)
待确认(可能复用),异类型号残留,09-设计输出\设计输出清单二\图纸\T-Z1-上盖-v3.0-20240627.md,36,T-Z1,- [layout_manifest.csv](T-Z1-上盖-v3.0-20240627.assets/pages_layout/layout_manifest.csv)
待确认(可能复用),异类型号残留,09-设计输出\设计输出清单二\图纸\T-Z1-上盖-v3.0-20240627.md,37,T-Z1,- [pages_ordered_md](T-Z1-上盖-v3.0-20240627.assets/pages_ordered_md/)
待确认(可能复用),异类型号残留,09-设计输出\设计输出清单二\图纸\T-Z1-上盖-v3.0-20240627.md,38,T-Z1,- [visual_evidence_manifest.csv](T-Z1-上盖-v3.0-20240627.assets/visual_evidence_manifest.csv)
待确认(可能复用),异类型号残留,09-设计输出\设计输出清单二\图纸\T-Z1-上盖-v3.0-20240627.md,39,T-Z1,- [semantic_findings_manifest.csv](T-Z1-上盖-v3.0-20240627.assets/semantic_findings_manifest.csv)
待确认(可能复用),异类型号残留,09-设计输出\设计输出清单二\图纸\T-Z1-上盖-v3.0-20240627.md,40,T-Z1,- [image_manifest.csv](T-Z1-上盖-v3.0-20240627.assets/image_manifest.csv)
待确认(可能复用),异类型号残留,09-设计输出\设计输出清单二\图纸\T-Z1-上盖-v3.0-20240627.md,41,T-Z1,- [conversion_loss.json](T-Z1-上盖-v3.0-20240627.assets/conversion_loss.json)
待确认(可能复用),异类型号残留,09-设计输出\设计输出清单二\图纸\T-Z1-上盖-v3.0-20240627.md,63,T-Z1,- Page 1: [png](T-Z1-上盖-v3.0-20240627.assets/pages_png/page_001.png); text_chars=108; ocr=done; risk=possible_columns_or
待确认(可能复用),异类型号残留,09-设计输出\设计输出清单二\图纸\T-Z1-下盖-v2.0-20240627.md,3,T-Z1,source_file: T-Z1-下盖-v2.0-20240627.pdf
待确认(可能复用),异类型号残留,09-设计输出\设计输出清单二\图纸\T-Z1-下盖-v2.0-20240627.md,4,T-Z1,source_relative_path: 02_RnD_DHF/09-设计输出/设计输出清单二/图纸/T-Z1-下盖-v2.0-20240627.pdf
待确认(可能复用),异类型号残留,09-设计输出\设计输出清单二\图纸\T-Z1-下盖-v2.0-20240627.md,6,T-Z1,assets_dir: T-Z1-下盖-v2.0-20240627.assets
待确认(可能复用),异类型号残留,09-设计输出\设计输出清单二\图纸\T-Z1-下盖-v2.0-20240627.md,15,T-Z1,# T-Z1-下盖-v2.0-20240627
待确认(可能复用),异类型号残留,09-设计输出\设计输出清单二\图纸\T-Z1-下盖-v2.0-20240627.md,19,T-Z1,- source: `02_RnD_DHF/09-设计输出/设计输出清单二/图纸/T-Z1-下盖-v2.0-20240627.pdf`
待确认(可能复用),异类型号残留,09-设计输出\设计输出清单二\图纸\T-Z1-下盖-v2.0-20240627.md,20,T-Z1,- assets: `T-Z1-下盖-v2.0-20240627.assets/`
待确认(可能复用),异类型号残留,09-设计输出\设计输出清单二\图纸\T-Z1-下盖-v2.0-20240627.md,32,T-Z1,- [page_manifest.csv](T-Z1-下盖-v2.0-20240627.assets/page_manifest.csv)
待确认(可能复用),异类型号残留,09-设计输出\设计输出清单二\图纸\T-Z1-下盖-v2.0-20240627.md,33,T-Z1,- [pages_text](T-Z1-下盖-v2.0-20240627.assets/pages_text/)
待确认(可能复用),异类型号残留,09-设计输出\设计输出清单二\图纸\T-Z1-下盖-v2.0-20240627.md,34,T-Z1,- [pages_ocr](T-Z1-下盖-v2.0-20240627.assets/pages_ocr/)
待确认(可能复用),异类型号残留,09-设计输出\设计输出清单二\图纸\T-Z1-下盖-v2.0-20240627.md,35,T-Z1,- [pages_png](T-Z1-下盖-v2.0-20240627.assets/pages_png/)
待确认(可能复用),异类型号残留,09-设计输出\设计输出清单二\图纸\T-Z1-下盖-v2.0-20240627.md,36,T-Z1,- [layout_manifest.csv](T-Z1-下盖-v2.0-20240627.assets/pages_layout/layout_manifest.csv)
待确认(可能复用),异类型号残留,09-设计输出\设计输出清单二\图纸\T-Z1-下盖-v2.0-20240627.md,37,T-Z1,- [pages_ordered_md](T-Z1-下盖-v2.0-20240627.assets/pages_ordered_md/)
待确认(可能复用),异类型号残留,09-设计输出\设计输出清单二\图纸\T-Z1-下盖-v2.0-20240627.md,38,T-Z1,- [visual_evidence_manifest.csv](T-Z1-下盖-v2.0-20240627.assets/visual_evidence_manifest.csv)
待确认(可能复用),异类型号残留,09-设计输出\设计输出清单二\图纸\T-Z1-下盖-v2.0-20240627.md,39,T-Z1,- [semantic_findings_manifest.csv](T-Z1-下盖-v2.0-20240627.assets/semantic_findings_manifest.csv)
待确认(可能复用),异类型号残留,09-设计输出\设计输出清单二\图纸\T-Z1-下盖-v2.0-20240627.md,40,T-Z1,- [image_manifest.csv](T-Z1-下盖-v2.0-20240627.assets/image_manifest.csv)
待确认(可能复用),异类型号残留,09-设计输出\设计输出清单二\图纸\T-Z1-下盖-v2.0-20240627.md,41,T-Z1,- [conversion_loss.json](T-Z1-下盖-v2.0-20240627.assets/conversion_loss.json)
待确认(可能复用),异类型号残留,09-设计输出\设计输出清单二\图纸\T-Z1-下盖-v2.0-20240627.md,63,T-Z1,- Page 1: [png](T-Z1-下盖-v2.0-20240627.assets/pages_png/page_001.png); text_chars=106; ocr=done; risk=possible_columns_or
待确认(可能复用),异类型号残留,09-设计输出\设计输出清单二\图纸\T-Z1-按键-v3.0-20240627.md,3,T-Z1,source_file: T-Z1-按键-v3.0-20240627.pdf
待确认(可能复用),异类型号残留,09-设计输出\设计输出清单二\图纸\T-Z1-按键-v3.0-20240627.md,4,T-Z1,source_relative_path: 02_RnD_DHF/09-设计输出/设计输出清单二/图纸/T-Z1-按键-v3.0-20240627.pdf
待确认(可能复用),异类型号残留,09-设计输出\设计输出清单二\图纸\T-Z1-按键-v3.0-20240627.md,6,T-Z1,assets_dir: T-Z1-按键-v3.0-20240627.assets
待确认(可能复用),异类型号残留,09-设计输出\设计输出清单二\图纸\T-Z1-按键-v3.0-20240627.md,15,T-Z1,# T-Z1-按键-v3.0-20240627
待确认(可能复用),异类型号残留,09-设计输出\设计输出清单二\图纸\T-Z1-按键-v3.0-20240627.md,19,T-Z1,- source: `02_RnD_DHF/09-设计输出/设计输出清单二/图纸/T-Z1-按键-v3.0-20240627.pdf`
待确认(可能复用),异类型号残留,09-设计输出\设计输出清单二\图纸\T-Z1-按键-v3.0-20240627.md,20,T-Z1,- assets: `T-Z1-按键-v3.0-20240627.assets/`
待确认(可能复用),异类型号残留,09-设计输出\设计输出清单二\图纸\T-Z1-按键-v3.0-20240627.md,32,T-Z1,- [page_manifest.csv](T-Z1-按键-v3.0-20240627.assets/page_manifest.csv)
待确认(可能复用),异类型号残留,09-设计输出\设计输出清单二\图纸\T-Z1-按键-v3.0-20240627.md,33,T-Z1,- [pages_text](T-Z1-按键-v3.0-20240627.assets/pages_text/)
待确认(可能复用),异类型号残留,09-设计输出\设计输出清单二\图纸\T-Z1-按键-v3.0-20240627.md,34,T-Z1,- [pages_ocr](T-Z1-按键-v3.0-20240627.assets/pages_ocr/)
待确认(可能复用),异类型号残留,09-设计输出\设计输出清单二\图纸\T-Z1-按键-v3.0-20240627.md,35,T-Z1,- [pages_png](T-Z1-按键-v3.0-20240627.assets/pages_png/)
待确认(可能复用),异类型号残留,09-设计输出\设计输出清单二\图纸\T-Z1-按键-v3.0-20240627.md,36,T-Z1,- [layout_manifest.csv](T-Z1-按键-v3.0-20240627.assets/pages_layout/layout_manifest.csv)
待确认(可能复用),异类型号残留,09-设计输出\设计输出清单二\图纸\T-Z1-按键-v3.0-20240627.md,37,T-Z1,- [pages_ordered_md](T-Z1-按键-v3.0-20240627.assets/pages_ordered_md/)
待确认(可能复用),异类型号残留,09-设计输出\设计输出清单二\图纸\T-Z1-按键-v3.0-20240627.md,38,T-Z1,- [visual_evidence_manifest.csv](T-Z1-按键-v3.0-20240627.assets/visual_evidence_manifest.csv)
待确认(可能复用),异类型号残留,09-设计输出\设计输出清单二\图纸\T-Z1-按键-v3.0-20240627.md,39,T-Z1,- [semantic_findings_manifest.csv](T-Z1-按键-v3.0-20240627.assets/semantic_findings_manifest.csv)
待确认(可能复用),异类型号残留,09-设计输出\设计输出清单二\图纸\T-Z1-按键-v3.0-20240627.md,40,T-Z1,- [image_manifest.csv](T-Z1-按键-v3.0-20240627.assets/image_manifest.csv)
待确认(可能复用),异类型号残留,09-设计输出\设计输出清单二\图纸\T-Z1-按键-v3.0-20240627.md,41,T-Z1,- [conversion_loss.json](T-Z1-按键-v3.0-20240627.assets/conversion_loss.json)
待确认(可能复用),异类型号残留,09-设计输出\设计输出清单二\图纸\T-Z1-按键-v3.0-20240627.md,63,T-Z1,- Page 1: [png](T-Z1-按键-v3.0-20240627.assets/pages_png/page_001.png); text_chars=55; ocr=done; risk=sparse_text_or_scan;
待确认(可能复用),异类型号残留,09-设计输出\设计输出清单二\图纸\保护盖.md,48,T-Z1,"""title"": ""C:\\WINGOWS-F\\š)¡2\\DHF\\T-Z1 Model (1)"","
待确认(可能复用),异类型号残留,09-设计输出\设计输出清单二\图纸\导光板.md,48,T-Z1,"""title"": ""C:\\WINGOWS-F\\š)¡2\\DHF\\T-Z1 Model (1)"","
待确认(可能复用),异类型号残留,09-设计输出\设计输出清单二\图纸\开关帽.md,48,T-Z1,"""title"": ""C:\\WINGOWS-F\\š)¡2\\DHF\\T-Z1 Model (1)"","
待确认(可能复用),异类型号残留,09-设计输出\设计输出清单二\图纸\探头20210727.md,48,T-Z1,"""title"": ""C:\\WINGOWS-F\\š)¡2\\2D\\T-Z1 Model (1)"","
待确认(可能复用),异类型号残留,09-设计输出\设计输出清单二\图纸\支撑垫.md,48,T-Z1,"""title"": ""C:\\WINGOWS-F\\š)¡2\\DHF\\T-Z1 Model (1)"","
待确认(可能复用),异类型号残留,09-设计输出\设计输出清单二\图纸\支架.md,48,T-Z1,"""title"": ""C:\\WINGOWS-F\\š)¡2\\DHF\\T-Z1 Model (1)"","
待确认(可能复用),异类型号残留,09-设计输出\设计输出清单二\图纸\正极弹簧PT5-M02.md,3,PT5,source_file: 正极弹簧PT5-M02.pdf
待确认(可能复用),异类型号残留,09-设计输出\设计输出清单二\图纸\正极弹簧PT5-M02.md,4,PT5,source_relative_path: 02_RnD_DHF/09-设计输出/设计输出清单二/图纸/正极弹簧PT5-M02.pdf
待确认(可能复用),异类型号残留,09-设计输出\设计输出清单二\图纸\正极弹簧PT5-M02.md,6,PT5,assets_dir: 正极弹簧PT5-M02.assets
待确认(可能复用),异类型号残留,09-设计输出\设计输出清单二\图纸\正极弹簧PT5-M02.md,15,PT5,# 正极弹簧PT5-M02
待确认(可能复用),异类型号残留,09-设计输出\设计输出清单二\图纸\正极弹簧PT5-M02.md,19,PT5,- source: `02_RnD_DHF/09-设计输出/设计输出清单二/图纸/正极弹簧PT5-M02.pdf`
待确认(可能复用),异类型号残留,09-设计输出\设计输出清单二\图纸\正极弹簧PT5-M02.md,20,PT5,- assets: `正极弹簧PT5-M02.assets/`
待确认(可能复用),异类型号残留,09-设计输出\设计输出清单二\图纸\正极弹簧PT5-M02.md,32,PT5,- [page_manifest.csv](正极弹簧PT5-M02.assets/page_manifest.csv)
待确认(可能复用),异类型号残留,09-设计输出\设计输出清单二\图纸\正极弹簧PT5-M02.md,33,PT5,- [pages_text](正极弹簧PT5-M02.assets/pages_text/)
待确认(可能复用),异类型号残留,09-设计输出\设计输出清单二\图纸\正极弹簧PT5-M02.md,34,PT5,- [pages_ocr](正极弹簧PT5-M02.assets/pages_ocr/)
待确认(可能复用),异类型号残留,09-设计输出\设计输出清单二\图纸\正极弹簧PT5-M02.md,35,PT5,- [pages_png](正极弹簧PT5-M02.assets/pages_png/)
待确认(可能复用),异类型号残留,09-设计输出\设计输出清单二\图纸\正极弹簧PT5-M02.md,36,PT5,- [layout_manifest.csv](正极弹簧PT5-M02.assets/pages_layout/layout_manifest.csv)
待确认(可能复用),异类型号残留,09-设计输出\设计输出清单二\图纸\正极弹簧PT5-M02.md,37,PT5,- [pages_ordered_md](正极弹簧PT5-M02.assets/pages_ordered_md/)
待确认(可能复用),异类型号残留,09-设计输出\设计输出清单二\图纸\正极弹簧PT5-M02.md,38,PT5,- [visual_evidence_manifest.csv](正极弹簧PT5-M02.assets/visual_evidence_manifest.csv)
待确认(可能复用),异类型号残留,09-设计输出\设计输出清单二\图纸\正极弹簧PT5-M02.md,39,PT5,- [semantic_findings_manifest.csv](正极弹簧PT5-M02.assets/semantic_findings_manifest.csv)
待确认(可能复用),异类型号残留,09-设计输出\设计输出清单二\图纸\正极弹簧PT5-M02.md,40,PT5,- [image_manifest.csv](正极弹簧PT5-M02.assets/image_manifest.csv)
待确认(可能复用),异类型号残留,09-设计输出\设计输出清单二\图纸\正极弹簧PT5-M02.md,41,PT5,- [conversion_loss.json](正极弹簧PT5-M02.assets/conversion_loss.json)
待确认(可能复用),异类型号残留,09-设计输出\设计输出清单二\图纸\正极弹簧PT5-M02.md,63,PT5,- Page 1: [png](正极弹簧PT5-M02.assets/pages_png/page_001.png); text_chars=236; ocr=done; risk=possible_columns_or_panels;oc
待确认(可能复用),异类型号残留,09-设计输出\设计输出清单二\图纸\电池盖.md,48,T-Z1,"""title"": ""C:\\WINGOWS-F\\š)¡2\\DHF\\T-Z1 Model (1)"","
待确认(可能复用),异类型号残留,09-设计输出\设计输出清单二\图纸\负极弹簧PT5-M03.md,3,PT5,source_file: 负极弹簧PT5-M03.pdf
待确认(可能复用),异类型号残留,09-设计输出\设计输出清单二\图纸\负极弹簧PT5-M03.md,4,PT5,source_relative_path: 02_RnD_DHF/09-设计输出/设计输出清单二/图纸/负极弹簧PT5-M03.pdf
待确认(可能复用),异类型号残留,09-设计输出\设计输出清单二\图纸\负极弹簧PT5-M03.md,6,PT5,assets_dir: 负极弹簧PT5-M03.assets
待确认(可能复用),异类型号残留,09-设计输出\设计输出清单二\图纸\负极弹簧PT5-M03.md,15,PT5,# 负极弹簧PT5-M03
待确认(可能复用),异类型号残留,09-设计输出\设计输出清单二\图纸\负极弹簧PT5-M03.md,19,PT5,- source: `02_RnD_DHF/09-设计输出/设计输出清单二/图纸/负极弹簧PT5-M03.pdf`
待确认(可能复用),异类型号残留,09-设计输出\设计输出清单二\图纸\负极弹簧PT5-M03.md,20,PT5,- assets: `负极弹簧PT5-M03.assets/`
待确认(可能复用),异类型号残留,09-设计输出\设计输出清单二\图纸\负极弹簧PT5-M03.md,32,PT5,- [page_manifest.csv](负极弹簧PT5-M03.assets/page_manifest.csv)
待确认(可能复用),异类型号残留,09-设计输出\设计输出清单二\图纸\负极弹簧PT5-M03.md,33,PT5,- [pages_text](负极弹簧PT5-M03.assets/pages_text/)
待确认(可能复用),异类型号残留,09-设计输出\设计输出清单二\图纸\负极弹簧PT5-M03.md,34,PT5,- [pages_ocr](负极弹簧PT5-M03.assets/pages_ocr/)
待确认(可能复用),异类型号残留,09-设计输出\设计输出清单二\图纸\负极弹簧PT5-M03.md,35,PT5,- [pages_png](负极弹簧PT5-M03.assets/pages_png/)
待确认(可能复用),异类型号残留,09-设计输出\设计输出清单二\图纸\负极弹簧PT5-M03.md,36,PT5,- [layout_manifest.csv](负极弹簧PT5-M03.assets/pages_layout/layout_manifest.csv)
待确认(可能复用),异类型号残留,09-设计输出\设计输出清单二\图纸\负极弹簧PT5-M03.md,37,PT5,- [pages_ordered_md](负极弹簧PT5-M03.assets/pages_ordered_md/)
待确认(可能复用),异类型号残留,09-设计输出\设计输出清单二\图纸\负极弹簧PT5-M03.md,38,PT5,- [visual_evidence_manifest.csv](负极弹簧PT5-M03.assets/visual_evidence_manifest.csv)
待确认(可能复用),异类型号残留,09-设计输出\设计输出清单二\图纸\负极弹簧PT5-M03.md,39,PT5,- [semantic_findings_manifest.csv](负极弹簧PT5-M03.assets/semantic_findings_manifest.csv)
待确认(可能复用),异类型号残留,09-设计输出\设计输出清单二\图纸\负极弹簧PT5-M03.md,40,PT5,- [image_manifest.csv](负极弹簧PT5-M03.assets/image_manifest.csv)
待确认(可能复用),异类型号残留,09-设计输出\设计输出清单二\图纸\负极弹簧PT5-M03.md,41,PT5,- [conversion_loss.json](负极弹簧PT5-M03.assets/conversion_loss.json)
待确认(可能复用),异类型号残留,09-设计输出\设计输出清单二\图纸\负极弹簧PT5-M03.md,63,PT5,- Page 1: [png](负极弹簧PT5-M03.assets/pages_png/page_001.png); text_chars=200; ocr=done; risk=possible_columns_or_panels;oc
待确认(可能复用),异类型号残留,09-设计输出\设计输出清单二\图纸\透镜.md,48,T-Z1,"""title"": ""C:\\WINGOWS-F\\š)¡2\\DHF\\T-Z1 Model (1)"","
待确认(可能复用),异类型号残留,09-设计输出\设计输出清单二\图纸\PT3_双联弹簧_REV01.assets\pages_ordered_md\page_001.md,46,PT3,PT3
待确认(可能复用),异类型号残留,09-设计输出\设计输出清单二\图纸\PT3_双联弹簧_REV01.assets\pages_ordered_md\page_001.md,62,PT3,PT3-P10
待确认(可能复用),异类型号残留,09-设计输出\设计输出清单二\图纸\PT9L-总装图-v1.0-20240627.assets\pages_ordered_md\page_001.md,80,PT3,PT3-M01
待确认(可能复用),异类型号残留,09-设计输出\设计输出清单二\图纸\PT9L-总装图-v1.0-20240627.assets\pages_ordered_md\page_001.md,82,PT3,PT3-M03
待确认(可能复用),异类型号残留,09-设计输出\设计输出清单二\图纸\PT9L-总装图-v1.0-20240627.assets\pages_ordered_md\page_001.md,84,T-Z1,T-Z1-P10
待确认(可能复用),异类型号残留,09-设计输出\设计输出清单二\图纸\PT9L-总装图-v1.0-20240627.assets\pages_ordered_md\page_001.md,86,T-Z1,T-Z1-P08
待确认(可能复用),异类型号残留,09-设计输出\设计输出清单二\图纸\PT9L-总装图-v1.0-20240627.assets\pages_ordered_md\page_001.md,88,T-Z1,T-Z1-P04
待确认(可能复用),异类型号残留,09-设计输出\设计输出清单二\图纸\PT9L-总装图-v1.0-20240627.assets\pages_ordered_md\page_001.md,90,T-Z1,T-Z1-P07
待确认(可能复用),异类型号残留,09-设计输出\设计输出清单二\图纸\PT9L-总装图-v1.0-20240627.assets\pages_ordered_md\page_001.md,92,T-Z1,T-Z1-P02
待确认(可能复用),异类型号残留,09-设计输出\设计输出清单二\图纸\PT9L-总装图-v1.0-20240627.assets\pages_ordered_md\page_001.md,94,T-Z1,T-Z1-P09
待确认(可能复用),异类型号残留,09-设计输出\设计输出清单二\图纸\PT9L-总装图-v1.0-20240627.assets\pages_ordered_md\page_001.md,96,T-Z1,T-Z1-P01
待确认(可能复用),异类型号残留,09-设计输出\设计输出清单二\图纸\PT9L-总装图-v1.0-20240627.assets\pages_ordered_md\page_001.md,98,T-Z1,T-Z1-P05
待确认(可能复用),异类型号残留,09-设计输出\设计输出清单二\图纸\PT9L-总装图-v1.0-20240627.assets\pages_ordered_md\page_001.md,100,T-Z1,T-Z1-P12
待确认(可能复用),异类型号残留,09-设计输出\设计输出清单二\图纸\PT9L-总装图-v1.0-20240627.assets\pages_ordered_md\page_001.md,104,T-Z1,T-Z1-P10
待确认(可能复用),异类型号残留,09-设计输出\设计输出清单二\图纸\PT9L-总装图-v1.0-20240627.assets\pages_ordered_md\page_001.md,107,T-Z1,T-Z1-P06
待确认(可能复用),异类型号残留,09-设计输出\设计输出清单二\图纸\PT9L-总装图-v1.0-20240627.assets\pages_ordered_md\page_001.md,112,PT3,PT3-P10
待确认(可能复用),异类型号残留,09-设计输出\设计输出清单二\图纸\PT9L-总装图-v1.0-20240627.assets\pages_ordered_md\page_001.md,114,PT5,PT5-M03
待确认(可能复用),异类型号残留,09-设计输出\设计输出清单二\图纸\PT9L-总装图-v1.0-20240627.assets\pages_ordered_md\page_001.md,116,PT5,PT5-M02
待确认(可能复用),异类型号残留,09-设计输出\设计输出清单二\图纸\正极弹簧PT5-M02.assets\pages_ordered_md\page_001.md,5,PT5,PT5耳温计
待确认(可能复用),异类型号残留,09-设计输出\设计输出清单二\图纸\正极弹簧PT5-M02.assets\pages_ordered_md\page_001.md,35,PT5,PT5-M02
待确认(可能复用),异类型号残留,09-设计输出\设计输出清单二\图纸\负极弹簧PT5-M03.assets\pages_ordered_md\page_001.md,5,PT5,PT5耳温计
待确认(可能复用),异类型号残留,09-设计输出\设计输出清单二\图纸\负极弹簧PT5-M03.assets\pages_ordered_md\page_001.md,26,PT5,PT5-M03
待确认(可能复用),异类型号残留,09-设计输出\设计输出清单二\总装类组件清单PT9L-ABOM01 V1.0.assets\sheets_md\01_总装类.md,7,T-Z1,| 1 | 上盖 | K030200021175120485 | ABS | T-Z1-P01 | T-Z1 |  | 1 |  | √ | B |  |  |  |  |
待确认(可能复用),异类型号残留,09-设计输出\设计输出清单二\总装类组件清单PT9L-ABOM01 V1.0.assets\sheets_md\01_总装类.md,8,T-Z1,| 2 | 下盖 | K030200021185120485 | ABS | T-Z1-P02 | T-Z1 |  | 1 |  | √ | B |  |  |  |  |
待确认(可能复用),异类型号残留,09-设计输出\设计输出清单二\总装类组件清单PT9L-ABOM01 V1.0.assets\sheets_md\01_总装类.md,9,T-Z1,| 3 | 探头 | K030200021195120485 | TPU | T-Z1-P03 | T-Z1 |  | 1 |  | √ | B |  |  |  |  |
待确认(可能复用),异类型号残留,09-设计输出\设计输出清单二\总装类组件清单PT9L-ABOM01 V1.0.assets\sheets_md\01_总装类.md,10,T-Z1,| 4 | 电池盖 | K030200021205120485 | ABS | T-Z1-P04 | T-Z1 |  | 1 |  | √ | B |  |  |  |  |
待确认(可能复用),异类型号残留,09-设计输出\设计输出清单二\总装类组件清单PT9L-ABOM01 V1.0.assets\sheets_md\01_总装类.md,11,T-Z1,| 5 | 按键 | K030200021215120485 | ABS | T-Z1-P05 | T-Z1 |  | 1 |  | √ | B |  |  |  |  |
待确认(可能复用),异类型号残留,09-设计输出\设计输出清单二\总装类组件清单PT9L-ABOM01 V1.0.assets\sheets_md\01_总装类.md,12,T-Z1,| 6 | 开关帽 | K030200021225120485 | ABS | T-Z1-P06 | T-Z1 |  | 1 |  | √ | B |  |  |  |  |
待确认(可能复用),异类型号残留,09-设计输出\设计输出清单二\总装类组件清单PT9L-ABOM01 V1.0.assets\sheets_md\01_总装类.md,13,T-Z1,| 7 | 支架 | K030200021235120485 | ABS | T-Z1-P07 | T-Z1 |  | 1 |  | √ | B |  |  |  |  |
待确认(可能复用),异类型号残留,09-设计输出\设计输出清单二\总装类组件清单PT9L-ABOM01 V1.0.assets\sheets_md\01_总装类.md,14,T-Z1,| 8 | 保护盖 | K030200021245120485 | PC | T-Z1-P08 | T-Z1 |  | 1 |  | √ | B |  |  |  |  |
待确认(可能复用),异类型号残留,09-设计输出\设计输出清单二\总装类组件清单PT9L-ABOM01 V1.0.assets\sheets_md\01_总装类.md,15,T-Z1,| 9 | 透镜 | K030200021256800730 | PMMA | T-Z1-P09 | T-Z1 |  | 1 |  | √ | B |  |  |  |  |
待确认(可能复用),异类型号残留,09-设计输出\设计输出清单二\总装类组件清单PT9L-ABOM01 V1.0.assets\sheets_md\01_总装类.md,17,T-Z1,| 11 | 导光板 | K030200021260730073 | PMMA | T-Z1-P10 | T-Z1 |  | 1 |  | √ | B |  |  |  |  |
待确认(可能复用),异类型号残留,09-设计输出\设计输出清单二\总装类组件清单PT9L-ABOM01 V1.0.assets\sheets_md\01_总装类.md,18,T-Z1,| 12 | 斑马条 | K010800005533360275 | 导电硅胶 | T-Z1-P12 | T-Z1 |  | 1 |  | √ | B |  |  |  |  |
待确认(可能复用),异类型号残留,09-设计输出\设计输出清单二\总装类组件清单PT9L-ABOM01 V1.0.assets\sheets_md\01_总装类.md,19,PT5,"| 13 | 正极弹簧 | T030100000792550143 | Φ0.5mm镀镍不锈钢线,密封包装，须过盐雾浓度为5%(±0.5%)48h | PT5-M03 | PT5 |  | 1 |  | √ | C |  |  |  |  "
待确认(可能复用),异类型号残留,09-设计输出\设计输出清单二\总装类组件清单PT9L-ABOM01 V1.0.assets\sheets_md\01_总装类.md,20,PT5,"| 14 | 负极弹簧 | T030100000802550143 | Φ0.5mm镀镍不锈钢线,密封包装，须过盐雾浓度为5%(±0.5%)48h | PT5-M02 | PT5 |  | 1 |  | √ | C |  |  |  |  "
待确认(可能复用),异类型号残留,09-设计输出\设计输出清单二\总装类组件清单PT9L-ABOM01 V1.0.assets\sheets_md\01_总装类.md,21,PT3,| 15 | 双联弹簧 | T030100000482550143 | 0.5mm弹簧钢 | PT3-P10 | PT3 |  | 1 |  | √ | C |  |  |  |  |
待确认(可能复用),异类型号残留,09-设计输出\设计输出清单二\总装类组件清单PT9L-ABOM01 V1.0.assets\sheets_md\01_总装类.md,22,PT5,| 16 | 螺丝 | K030100001143480295 | DIA:2.0X5mm PB普通圆头镀镍螺丝 | Public-M23 | PT5 |  | 10 |  | √ | C |  |  |  |  |
待确认(可能复用),异类型号残留,09-设计输出\设计输出清单二\总装类组件清单PT9L-ABOM01 V1.0.assets\sheets_md\01_总装类.md,26,T-Z1,| 20 | 支撑垫 | K030200021297750830 | 聚氨酯 | T-Z1-P15 | T-Z1 |  | 1 |  | √ | C |  |  |  |  |
待确认(可能复用),异类型号残留,09-设计输出\设计输出清单二\总装类组件清单PT9L-ABOM01 V1.0.assets\sheets_md\01_总装类.md,28,PT3,| 22 | 金属套 | T030100000507180765 | 黄铜 | PT3-M02 | PT3 |  | 1 |  | √ | B |  |  |  |  |
待确认(可能复用),异类型号残留,09-设计输出\设计输出清单二\总装类组件清单PT9L-ABOM01 V1.0.assets\sheets_md\01_总装类.md,29,PT3,| 23 | 压块 | T030100000497180765 | 黄铜 | PT3-M01 | PT3 |  | 1 |  | √ | B |  |  |  |  |
待确认(可能复用),异类型号残留,09-设计输出\设计输出清单二\早期图纸\上盖20210727.md,48,T-Z1,"""title"": ""C:\\WINGOWS-F\\额温计2\\2D\\T-Z1 Model (1)"","
待确认(可能复用),异类型号残留,09-设计输出\设计输出清单二\早期图纸\下盖-总-20211102.md,48,T-Z1,"""title"": ""C:\\WINGOWS-F\\š)¡2\\2D\\T-Z1 Model (1)"","
待确认(可能复用),异类型号残留,09-设计输出\设计输出清单二\早期图纸\下盖20210727.md,48,T-Z1,"""title"": ""C:\\WINGOWS-F\\š)¡2\\2D\\T-Z1 Model (1)"","
待确认(可能复用),异类型号残留,09-设计输出\设计输出清单二\早期图纸\主板PCB 20211027.md,48,T-Z1,"""title"": ""C:\\WINGOWS-F\\š)¡2\\2D\\T-Z1 Model (1)"","
待确认(可能复用),异类型号残留,09-设计输出\设计输出清单二\早期图纸\导光板20210727.md,48,T-Z1,"""title"": ""C:\\WINGOWS-F\\额温计2\\2D\\T-Z1 Model (1)"","
待确认(可能复用),异类型号残留,09-设计输出\设计输出清单二\早期图纸\开关帽20210727.md,48,T-Z1,"""title"": ""C:\\WINGOWS-F\\额温计2\\2D\\T-Z1 Model (1)"","
待确认(可能复用),异类型号残留,09-设计输出\设计输出清单二\早期图纸\探头20210727.md,48,T-Z1,"""title"": ""C:\\WINGOWS-F\\š)¡2\\2D\\T-Z1 Model (1)"","
待确认(可能复用),异类型号残留,09-设计输出\设计输出清单二\早期图纸\支撑垫20211102.md,48,T-Z1,"""title"": ""C:\\WINGOWS-F\\š)¡2\\2D\\T-Z1 Model (1)"","
待确认(可能复用),异类型号残留,09-设计输出\设计输出清单二\早期图纸\支撑垫20211104.md,48,T-Z1,"""title"": ""C:\\WINGOWS-F\\š)¡2\\2D\\T-Z1 Model (1)"","
待确认(可能复用),异类型号残留,09-设计输出\设计输出清单二\早期图纸\支撑垫20220425.md,48,T-Z1,"""title"": ""C:\\WINGOWS-F\\š)¡2\\2D\\T-Z1 Model (1)"","
待确认(可能复用),异类型号残留,09-设计输出\设计输出清单二\早期图纸\支撑垫20220427.md,48,T-Z1,"""title"": ""C:\\WINGOWS-F\\š)¡2\\2D\\T-Z1 Model (1)"","
待确认(可能复用),异类型号残留,09-设计输出\设计输出清单二\早期图纸\支架20210727.md,48,T-Z1,"""title"": ""C:\\WINGOWS-F\\额温计2\\2D\\T-Z1 Model (1)"","
待确认(可能复用),异类型号残留,09-设计输出\设计输出清单二\早期图纸\液晶-打样-20210917.md,48,T-Z1,"""title"": ""C:\\WINGOWS-F\\š)¡2\\2D\\T-Z1 Model (1)"","
待确认(可能复用),异类型号残留,09-设计输出\设计输出清单二\早期图纸\液晶20210727.md,48,T-Z1,"""title"": ""C:\\WINGOWS-F\\额温计2\\2D\\T-Z1 Model (1)"","
待确认(可能复用),异类型号残留,09-设计输出\设计输出清单二\早期图纸\电池盖20210727.md,48,T-Z1,"""title"": ""C:\\WINGOWS-F\\额温计2\\2D\\T-Z1 Model (1)"","
待确认(可能复用),异类型号残留,09-设计输出\设计输出清单二\早期图纸\透镜20210727.md,48,T-Z1,"""title"": ""C:\\WINGOWS-F\\额温计2\\2D\\T-Z1 Model (1)"","
待确认(可能复用),异类型号残留,09-设计输出\设计输出清单二\设计输出清单二\设计输出清单二E0.md,36,PT3,| PT3参考 | visible | 85 | 30 | [csv](设计输出清单二E0.assets/sheets_csv/03_PT3参考.csv) | [md](设计输出清单二E0.assets/sheets_md/03_PT3参考
待确认(可能复用),异类型号残留,09-设计输出\设计输出清单二\设计输出清单二\图纸\T-Z1-上盖-v2.0-20241104.md,3,T-Z1,source_file: T-Z1-上盖-v2.0-20241104.pdf
待确认(可能复用),异类型号残留,09-设计输出\设计输出清单二\设计输出清单二\图纸\T-Z1-上盖-v2.0-20241104.md,4,T-Z1,source_relative_path: 02_RnD_DHF/09-设计输出/设计输出清单二/设计输出清单二/图纸/T-Z1-上盖-v2.0-20241104.pdf
待确认(可能复用),异类型号残留,09-设计输出\设计输出清单二\设计输出清单二\图纸\T-Z1-上盖-v2.0-20241104.md,6,T-Z1,assets_dir: T-Z1-上盖-v2.0-20241104.assets
待确认(可能复用),异类型号残留,09-设计输出\设计输出清单二\设计输出清单二\图纸\T-Z1-上盖-v2.0-20241104.md,15,T-Z1,# T-Z1-上盖-v2.0-20241104
待确认(可能复用),异类型号残留,09-设计输出\设计输出清单二\设计输出清单二\图纸\T-Z1-上盖-v2.0-20241104.md,19,T-Z1,- source: `02_RnD_DHF/09-设计输出/设计输出清单二/设计输出清单二/图纸/T-Z1-上盖-v2.0-20241104.pdf`
待确认(可能复用),异类型号残留,09-设计输出\设计输出清单二\设计输出清单二\图纸\T-Z1-上盖-v2.0-20241104.md,20,T-Z1,- assets: `T-Z1-上盖-v2.0-20241104.assets/`
待确认(可能复用),异类型号残留,09-设计输出\设计输出清单二\设计输出清单二\图纸\T-Z1-上盖-v2.0-20241104.md,32,T-Z1,- [page_manifest.csv](T-Z1-上盖-v2.0-20241104.assets/page_manifest.csv)
待确认(可能复用),异类型号残留,09-设计输出\设计输出清单二\设计输出清单二\图纸\T-Z1-上盖-v2.0-20241104.md,33,T-Z1,- [pages_text](T-Z1-上盖-v2.0-20241104.assets/pages_text/)
待确认(可能复用),异类型号残留,09-设计输出\设计输出清单二\设计输出清单二\图纸\T-Z1-上盖-v2.0-20241104.md,34,T-Z1,- [pages_ocr](T-Z1-上盖-v2.0-20241104.assets/pages_ocr/)
待确认(可能复用),异类型号残留,09-设计输出\设计输出清单二\设计输出清单二\图纸\T-Z1-上盖-v2.0-20241104.md,35,T-Z1,- [pages_png](T-Z1-上盖-v2.0-20241104.assets/pages_png/)
待确认(可能复用),异类型号残留,09-设计输出\设计输出清单二\设计输出清单二\图纸\T-Z1-上盖-v2.0-20241104.md,36,T-Z1,- [layout_manifest.csv](T-Z1-上盖-v2.0-20241104.assets/pages_layout/layout_manifest.csv)
待确认(可能复用),异类型号残留,09-设计输出\设计输出清单二\设计输出清单二\图纸\T-Z1-上盖-v2.0-20241104.md,37,T-Z1,- [pages_ordered_md](T-Z1-上盖-v2.0-20241104.assets/pages_ordered_md/)
待确认(可能复用),异类型号残留,09-设计输出\设计输出清单二\设计输出清单二\图纸\T-Z1-上盖-v2.0-20241104.md,38,T-Z1,- [visual_evidence_manifest.csv](T-Z1-上盖-v2.0-20241104.assets/visual_evidence_manifest.csv)
待确认(可能复用),异类型号残留,09-设计输出\设计输出清单二\设计输出清单二\图纸\T-Z1-上盖-v2.0-20241104.md,39,T-Z1,- [semantic_findings_manifest.csv](T-Z1-上盖-v2.0-20241104.assets/semantic_findings_manifest.csv)
待确认(可能复用),异类型号残留,09-设计输出\设计输出清单二\设计输出清单二\图纸\T-Z1-上盖-v2.0-20241104.md,40,T-Z1,- [image_manifest.csv](T-Z1-上盖-v2.0-20241104.assets/image_manifest.csv)
待确认(可能复用),异类型号残留,09-设计输出\设计输出清单二\设计输出清单二\图纸\T-Z1-上盖-v2.0-20241104.md,41,T-Z1,- [conversion_loss.json](T-Z1-上盖-v2.0-20241104.assets/conversion_loss.json)
待确认(可能复用),异类型号残留,09-设计输出\设计输出清单二\设计输出清单二\图纸\T-Z1-上盖-v2.0-20241104.md,63,T-Z1,- Page 1: [png](T-Z1-上盖-v2.0-20241104.assets/pages_png/page_001.png); text_chars=120; ocr=done; risk=possible_columns_or
待确认(可能复用),异类型号残留,09-设计输出\设计输出清单二\设计输出清单二\图纸\T-Z1-上盖-v3.0-20240627.md,3,T-Z1,source_file: T-Z1-上盖-v3.0-20240627.pdf
待确认(可能复用),异类型号残留,09-设计输出\设计输出清单二\设计输出清单二\图纸\T-Z1-上盖-v3.0-20240627.md,4,T-Z1,source_relative_path: 02_RnD_DHF/09-设计输出/设计输出清单二/设计输出清单二/图纸/T-Z1-上盖-v3.0-20240627.pdf
待确认(可能复用),异类型号残留,09-设计输出\设计输出清单二\设计输出清单二\图纸\T-Z1-上盖-v3.0-20240627.md,6,T-Z1,assets_dir: T-Z1-上盖-v3.0-20240627.assets
待确认(可能复用),异类型号残留,09-设计输出\设计输出清单二\设计输出清单二\图纸\T-Z1-上盖-v3.0-20240627.md,15,T-Z1,# T-Z1-上盖-v3.0-20240627
待确认(可能复用),异类型号残留,09-设计输出\设计输出清单二\设计输出清单二\图纸\T-Z1-上盖-v3.0-20240627.md,19,T-Z1,- source: `02_RnD_DHF/09-设计输出/设计输出清单二/设计输出清单二/图纸/T-Z1-上盖-v3.0-20240627.pdf`
待确认(可能复用),异类型号残留,09-设计输出\设计输出清单二\设计输出清单二\图纸\T-Z1-上盖-v3.0-20240627.md,20,T-Z1,- assets: `T-Z1-上盖-v3.0-20240627.assets/`
待确认(可能复用),异类型号残留,09-设计输出\设计输出清单二\设计输出清单二\图纸\T-Z1-上盖-v3.0-20240627.md,32,T-Z1,- [page_manifest.csv](T-Z1-上盖-v3.0-20240627.assets/page_manifest.csv)
待确认(可能复用),异类型号残留,09-设计输出\设计输出清单二\设计输出清单二\图纸\T-Z1-上盖-v3.0-20240627.md,33,T-Z1,- [pages_text](T-Z1-上盖-v3.0-20240627.assets/pages_text/)
待确认(可能复用),异类型号残留,09-设计输出\设计输出清单二\设计输出清单二\图纸\T-Z1-上盖-v3.0-20240627.md,34,T-Z1,- [pages_ocr](T-Z1-上盖-v3.0-20240627.assets/pages_ocr/)
待确认(可能复用),异类型号残留,09-设计输出\设计输出清单二\设计输出清单二\图纸\T-Z1-上盖-v3.0-20240627.md,35,T-Z1,- [pages_png](T-Z1-上盖-v3.0-20240627.assets/pages_png/)
待确认(可能复用),异类型号残留,09-设计输出\设计输出清单二\设计输出清单二\图纸\T-Z1-上盖-v3.0-20240627.md,36,T-Z1,- [layout_manifest.csv](T-Z1-上盖-v3.0-20240627.assets/pages_layout/layout_manifest.csv)
待确认(可能复用),异类型号残留,09-设计输出\设计输出清单二\设计输出清单二\图纸\T-Z1-上盖-v3.0-20240627.md,37,T-Z1,- [pages_ordered_md](T-Z1-上盖-v3.0-20240627.assets/pages_ordered_md/)
待确认(可能复用),异类型号残留,09-设计输出\设计输出清单二\设计输出清单二\图纸\T-Z1-上盖-v3.0-20240627.md,38,T-Z1,- [visual_evidence_manifest.csv](T-Z1-上盖-v3.0-20240627.assets/visual_evidence_manifest.csv)
待确认(可能复用),异类型号残留,09-设计输出\设计输出清单二\设计输出清单二\图纸\T-Z1-上盖-v3.0-20240627.md,39,T-Z1,- [semantic_findings_manifest.csv](T-Z1-上盖-v3.0-20240627.assets/semantic_findings_manifest.csv)
待确认(可能复用),异类型号残留,09-设计输出\设计输出清单二\设计输出清单二\图纸\T-Z1-上盖-v3.0-20240627.md,40,T-Z1,- [image_manifest.csv](T-Z1-上盖-v3.0-20240627.assets/image_manifest.csv)
待确认(可能复用),异类型号残留,09-设计输出\设计输出清单二\设计输出清单二\图纸\T-Z1-上盖-v3.0-20240627.md,41,T-Z1,- [conversion_loss.json](T-Z1-上盖-v3.0-20240627.assets/conversion_loss.json)
待确认(可能复用),异类型号残留,09-设计输出\设计输出清单二\设计输出清单二\图纸\T-Z1-上盖-v3.0-20240627.md,63,T-Z1,- Page 1: [png](T-Z1-上盖-v3.0-20240627.assets/pages_png/page_001.png); text_chars=108; ocr=done; risk=possible_columns_or
待确认(可能复用),异类型号残留,09-设计输出\设计输出清单二\设计输出清单二\图纸\T-Z1-下盖-v1.0-20241104.md,3,T-Z1,source_file: T-Z1-下盖-v1.0-20241104.pdf
待确认(可能复用),异类型号残留,09-设计输出\设计输出清单二\设计输出清单二\图纸\T-Z1-下盖-v1.0-20241104.md,4,T-Z1,source_relative_path: 02_RnD_DHF/09-设计输出/设计输出清单二/设计输出清单二/图纸/T-Z1-下盖-v1.0-20241104.pdf
待确认(可能复用),异类型号残留,09-设计输出\设计输出清单二\设计输出清单二\图纸\T-Z1-下盖-v1.0-20241104.md,6,T-Z1,assets_dir: T-Z1-下盖-v1.0-20241104.assets
待确认(可能复用),异类型号残留,09-设计输出\设计输出清单二\设计输出清单二\图纸\T-Z1-下盖-v1.0-20241104.md,15,T-Z1,# T-Z1-下盖-v1.0-20241104
待确认(可能复用),异类型号残留,09-设计输出\设计输出清单二\设计输出清单二\图纸\T-Z1-下盖-v1.0-20241104.md,19,T-Z1,- source: `02_RnD_DHF/09-设计输出/设计输出清单二/设计输出清单二/图纸/T-Z1-下盖-v1.0-20241104.pdf`
待确认(可能复用),异类型号残留,09-设计输出\设计输出清单二\设计输出清单二\图纸\T-Z1-下盖-v1.0-20241104.md,20,T-Z1,- assets: `T-Z1-下盖-v1.0-20241104.assets/`
待确认(可能复用),异类型号残留,09-设计输出\设计输出清单二\设计输出清单二\图纸\T-Z1-下盖-v1.0-20241104.md,32,T-Z1,- [page_manifest.csv](T-Z1-下盖-v1.0-20241104.assets/page_manifest.csv)
待确认(可能复用),异类型号残留,09-设计输出\设计输出清单二\设计输出清单二\图纸\T-Z1-下盖-v1.0-20241104.md,33,T-Z1,- [pages_text](T-Z1-下盖-v1.0-20241104.assets/pages_text/)
待确认(可能复用),异类型号残留,09-设计输出\设计输出清单二\设计输出清单二\图纸\T-Z1-下盖-v1.0-20241104.md,34,T-Z1,- [pages_ocr](T-Z1-下盖-v1.0-20241104.assets/pages_ocr/)
待确认(可能复用),异类型号残留,09-设计输出\设计输出清单二\设计输出清单二\图纸\T-Z1-下盖-v1.0-20241104.md,35,T-Z1,- [pages_png](T-Z1-下盖-v1.0-20241104.assets/pages_png/)
待确认(可能复用),异类型号残留,09-设计输出\设计输出清单二\设计输出清单二\图纸\T-Z1-下盖-v1.0-20241104.md,36,T-Z1,- [layout_manifest.csv](T-Z1-下盖-v1.0-20241104.assets/pages_layout/layout_manifest.csv)
待确认(可能复用),异类型号残留,09-设计输出\设计输出清单二\设计输出清单二\图纸\T-Z1-下盖-v1.0-20241104.md,37,T-Z1,- [pages_ordered_md](T-Z1-下盖-v1.0-20241104.assets/pages_ordered_md/)
待确认(可能复用),异类型号残留,09-设计输出\设计输出清单二\设计输出清单二\图纸\T-Z1-下盖-v1.0-20241104.md,38,T-Z1,- [visual_evidence_manifest.csv](T-Z1-下盖-v1.0-20241104.assets/visual_evidence_manifest.csv)
待确认(可能复用),异类型号残留,09-设计输出\设计输出清单二\设计输出清单二\图纸\T-Z1-下盖-v1.0-20241104.md,39,T-Z1,- [semantic_findings_manifest.csv](T-Z1-下盖-v1.0-20241104.assets/semantic_findings_manifest.csv)
待确认(可能复用),异类型号残留,09-设计输出\设计输出清单二\设计输出清单二\图纸\T-Z1-下盖-v1.0-20241104.md,40,T-Z1,- [image_manifest.csv](T-Z1-下盖-v1.0-20241104.assets/image_manifest.csv)
待确认(可能复用),异类型号残留,09-设计输出\设计输出清单二\设计输出清单二\图纸\T-Z1-下盖-v1.0-20241104.md,41,T-Z1,- [conversion_loss.json](T-Z1-下盖-v1.0-20241104.assets/conversion_loss.json)
待确认(可能复用),异类型号残留,09-设计输出\设计输出清单二\设计输出清单二\图纸\T-Z1-下盖-v1.0-20241104.md,63,T-Z1,- Page 1: [png](T-Z1-下盖-v1.0-20241104.assets/pages_png/page_001.png); text_chars=111; ocr=done; risk=possible_columns_or
待确认(可能复用),异类型号残留,09-设计输出\设计输出清单二\设计输出清单二\图纸\T-Z1-下盖-v2.0-20240627.md,3,T-Z1,source_file: T-Z1-下盖-v2.0-20240627.pdf
待确认(可能复用),异类型号残留,09-设计输出\设计输出清单二\设计输出清单二\图纸\T-Z1-下盖-v2.0-20240627.md,4,T-Z1,source_relative_path: 02_RnD_DHF/09-设计输出/设计输出清单二/设计输出清单二/图纸/T-Z1-下盖-v2.0-20240627.pdf
待确认(可能复用),异类型号残留,09-设计输出\设计输出清单二\设计输出清单二\图纸\T-Z1-下盖-v2.0-20240627.md,6,T-Z1,assets_dir: T-Z1-下盖-v2.0-20240627.assets
待确认(可能复用),异类型号残留,09-设计输出\设计输出清单二\设计输出清单二\图纸\T-Z1-下盖-v2.0-20240627.md,15,T-Z1,# T-Z1-下盖-v2.0-20240627
待确认(可能复用),异类型号残留,09-设计输出\设计输出清单二\设计输出清单二\图纸\T-Z1-下盖-v2.0-20240627.md,19,T-Z1,- source: `02_RnD_DHF/09-设计输出/设计输出清单二/设计输出清单二/图纸/T-Z1-下盖-v2.0-20240627.pdf`
待确认(可能复用),异类型号残留,09-设计输出\设计输出清单二\设计输出清单二\图纸\T-Z1-下盖-v2.0-20240627.md,20,T-Z1,- assets: `T-Z1-下盖-v2.0-20240627.assets/`
待确认(可能复用),异类型号残留,09-设计输出\设计输出清单二\设计输出清单二\图纸\T-Z1-下盖-v2.0-20240627.md,32,T-Z1,- [page_manifest.csv](T-Z1-下盖-v2.0-20240627.assets/page_manifest.csv)
待确认(可能复用),异类型号残留,09-设计输出\设计输出清单二\设计输出清单二\图纸\T-Z1-下盖-v2.0-20240627.md,33,T-Z1,- [pages_text](T-Z1-下盖-v2.0-20240627.assets/pages_text/)
待确认(可能复用),异类型号残留,09-设计输出\设计输出清单二\设计输出清单二\图纸\T-Z1-下盖-v2.0-20240627.md,34,T-Z1,- [pages_ocr](T-Z1-下盖-v2.0-20240627.assets/pages_ocr/)
待确认(可能复用),异类型号残留,09-设计输出\设计输出清单二\设计输出清单二\图纸\T-Z1-下盖-v2.0-20240627.md,35,T-Z1,- [pages_png](T-Z1-下盖-v2.0-20240627.assets/pages_png/)
待确认(可能复用),异类型号残留,09-设计输出\设计输出清单二\设计输出清单二\图纸\T-Z1-下盖-v2.0-20240627.md,36,T-Z1,- [layout_manifest.csv](T-Z1-下盖-v2.0-20240627.assets/pages_layout/layout_manifest.csv)
待确认(可能复用),异类型号残留,09-设计输出\设计输出清单二\设计输出清单二\图纸\T-Z1-下盖-v2.0-20240627.md,37,T-Z1,- [pages_ordered_md](T-Z1-下盖-v2.0-20240627.assets/pages_ordered_md/)
待确认(可能复用),异类型号残留,09-设计输出\设计输出清单二\设计输出清单二\图纸\T-Z1-下盖-v2.0-20240627.md,38,T-Z1,- [visual_evidence_manifest.csv](T-Z1-下盖-v2.0-20240627.assets/visual_evidence_manifest.csv)
待确认(可能复用),异类型号残留,09-设计输出\设计输出清单二\设计输出清单二\图纸\T-Z1-下盖-v2.0-20240627.md,39,T-Z1,- [semantic_findings_manifest.csv](T-Z1-下盖-v2.0-20240627.assets/semantic_findings_manifest.csv)
待确认(可能复用),异类型号残留,09-设计输出\设计输出清单二\设计输出清单二\图纸\T-Z1-下盖-v2.0-20240627.md,40,T-Z1,- [image_manifest.csv](T-Z1-下盖-v2.0-20240627.assets/image_manifest.csv)
待确认(可能复用),异类型号残留,09-设计输出\设计输出清单二\设计输出清单二\图纸\T-Z1-下盖-v2.0-20240627.md,41,T-Z1,- [conversion_loss.json](T-Z1-下盖-v2.0-20240627.assets/conversion_loss.json)
待确认(可能复用),异类型号残留,09-设计输出\设计输出清单二\设计输出清单二\图纸\T-Z1-下盖-v2.0-20240627.md,63,T-Z1,- Page 1: [png](T-Z1-下盖-v2.0-20240627.assets/pages_png/page_001.png); text_chars=106; ocr=done; risk=possible_columns_or
待确认(可能复用),异类型号残留,09-设计输出\设计输出清单二\设计输出清单二\图纸\T-Z1-按键-v3.0-20240627.md,3,T-Z1,source_file: T-Z1-按键-v3.0-20240627.pdf
待确认(可能复用),异类型号残留,09-设计输出\设计输出清单二\设计输出清单二\图纸\T-Z1-按键-v3.0-20240627.md,4,T-Z1,source_relative_path: 02_RnD_DHF/09-设计输出/设计输出清单二/设计输出清单二/图纸/T-Z1-按键-v3.0-20240627.pdf
待确认(可能复用),异类型号残留,09-设计输出\设计输出清单二\设计输出清单二\图纸\T-Z1-按键-v3.0-20240627.md,6,T-Z1,assets_dir: T-Z1-按键-v3.0-20240627.assets
待确认(可能复用),异类型号残留,09-设计输出\设计输出清单二\设计输出清单二\图纸\T-Z1-按键-v3.0-20240627.md,15,T-Z1,# T-Z1-按键-v3.0-20240627
待确认(可能复用),异类型号残留,09-设计输出\设计输出清单二\设计输出清单二\图纸\T-Z1-按键-v3.0-20240627.md,19,T-Z1,- source: `02_RnD_DHF/09-设计输出/设计输出清单二/设计输出清单二/图纸/T-Z1-按键-v3.0-20240627.pdf`
待确认(可能复用),异类型号残留,09-设计输出\设计输出清单二\设计输出清单二\图纸\T-Z1-按键-v3.0-20240627.md,20,T-Z1,- assets: `T-Z1-按键-v3.0-20240627.assets/`
待确认(可能复用),异类型号残留,09-设计输出\设计输出清单二\设计输出清单二\图纸\T-Z1-按键-v3.0-20240627.md,32,T-Z1,- [page_manifest.csv](T-Z1-按键-v3.0-20240627.assets/page_manifest.csv)
待确认(可能复用),异类型号残留,09-设计输出\设计输出清单二\设计输出清单二\图纸\T-Z1-按键-v3.0-20240627.md,33,T-Z1,- [pages_text](T-Z1-按键-v3.0-20240627.assets/pages_text/)
待确认(可能复用),异类型号残留,09-设计输出\设计输出清单二\设计输出清单二\图纸\T-Z1-按键-v3.0-20240627.md,34,T-Z1,- [pages_ocr](T-Z1-按键-v3.0-20240627.assets/pages_ocr/)
待确认(可能复用),异类型号残留,09-设计输出\设计输出清单二\设计输出清单二\图纸\T-Z1-按键-v3.0-20240627.md,35,T-Z1,- [pages_png](T-Z1-按键-v3.0-20240627.assets/pages_png/)
待确认(可能复用),异类型号残留,09-设计输出\设计输出清单二\设计输出清单二\图纸\T-Z1-按键-v3.0-20240627.md,36,T-Z1,- [layout_manifest.csv](T-Z1-按键-v3.0-20240627.assets/pages_layout/layout_manifest.csv)
待确认(可能复用),异类型号残留,09-设计输出\设计输出清单二\设计输出清单二\图纸\T-Z1-按键-v3.0-20240627.md,37,T-Z1,- [pages_ordered_md](T-Z1-按键-v3.0-20240627.assets/pages_ordered_md/)
待确认(可能复用),异类型号残留,09-设计输出\设计输出清单二\设计输出清单二\图纸\T-Z1-按键-v3.0-20240627.md,38,T-Z1,- [visual_evidence_manifest.csv](T-Z1-按键-v3.0-20240627.assets/visual_evidence_manifest.csv)
待确认(可能复用),异类型号残留,09-设计输出\设计输出清单二\设计输出清单二\图纸\T-Z1-按键-v3.0-20240627.md,39,T-Z1,- [semantic_findings_manifest.csv](T-Z1-按键-v3.0-20240627.assets/semantic_findings_manifest.csv)
待确认(可能复用),异类型号残留,09-设计输出\设计输出清单二\设计输出清单二\图纸\T-Z1-按键-v3.0-20240627.md,40,T-Z1,- [image_manifest.csv](T-Z1-按键-v3.0-20240627.assets/image_manifest.csv)
待确认(可能复用),异类型号残留,09-设计输出\设计输出清单二\设计输出清单二\图纸\T-Z1-按键-v3.0-20240627.md,41,T-Z1,- [conversion_loss.json](T-Z1-按键-v3.0-20240627.assets/conversion_loss.json)
待确认(可能复用),异类型号残留,09-设计输出\设计输出清单二\设计输出清单二\图纸\T-Z1-按键-v3.0-20240627.md,63,T-Z1,- Page 1: [png](T-Z1-按键-v3.0-20240627.assets/pages_png/page_001.png); text_chars=55; ocr=done; risk=sparse_text_or_scan;
待确认(可能复用),异类型号残留,09-设计输出\设计输出清单二\设计输出清单二\图纸\T-Z1-探头盖-v1.0-20241104.md,3,T-Z1,source_file: T-Z1-探头盖-v1.0-20241104.pdf
待确认(可能复用),异类型号残留,09-设计输出\设计输出清单二\设计输出清单二\图纸\T-Z1-探头盖-v1.0-20241104.md,4,T-Z1,source_relative_path: 02_RnD_DHF/09-设计输出/设计输出清单二/设计输出清单二/图纸/T-Z1-探头盖-v1.0-20241104.pdf
待确认(可能复用),异类型号残留,09-设计输出\设计输出清单二\设计输出清单二\图纸\T-Z1-探头盖-v1.0-20241104.md,6,T-Z1,assets_dir: T-Z1-探头盖-v1.0-20241104.assets
待确认(可能复用),异类型号残留,09-设计输出\设计输出清单二\设计输出清单二\图纸\T-Z1-探头盖-v1.0-20241104.md,15,T-Z1,# T-Z1-探头盖-v1.0-20241104
待确认(可能复用),异类型号残留,09-设计输出\设计输出清单二\设计输出清单二\图纸\T-Z1-探头盖-v1.0-20241104.md,19,T-Z1,- source: `02_RnD_DHF/09-设计输出/设计输出清单二/设计输出清单二/图纸/T-Z1-探头盖-v1.0-20241104.pdf`
待确认(可能复用),异类型号残留,09-设计输出\设计输出清单二\设计输出清单二\图纸\T-Z1-探头盖-v1.0-20241104.md,20,T-Z1,- assets: `T-Z1-探头盖-v1.0-20241104.assets/`
待确认(可能复用),异类型号残留,09-设计输出\设计输出清单二\设计输出清单二\图纸\T-Z1-探头盖-v1.0-20241104.md,32,T-Z1,- [page_manifest.csv](T-Z1-探头盖-v1.0-20241104.assets/page_manifest.csv)
待确认(可能复用),异类型号残留,09-设计输出\设计输出清单二\设计输出清单二\图纸\T-Z1-探头盖-v1.0-20241104.md,33,T-Z1,- [pages_text](T-Z1-探头盖-v1.0-20241104.assets/pages_text/)
待确认(可能复用),异类型号残留,09-设计输出\设计输出清单二\设计输出清单二\图纸\T-Z1-探头盖-v1.0-20241104.md,34,T-Z1,- [pages_ocr](T-Z1-探头盖-v1.0-20241104.assets/pages_ocr/)
待确认(可能复用),异类型号残留,09-设计输出\设计输出清单二\设计输出清单二\图纸\T-Z1-探头盖-v1.0-20241104.md,35,T-Z1,- [pages_png](T-Z1-探头盖-v1.0-20241104.assets/pages_png/)
待确认(可能复用),异类型号残留,09-设计输出\设计输出清单二\设计输出清单二\图纸\T-Z1-探头盖-v1.0-20241104.md,36,T-Z1,- [layout_manifest.csv](T-Z1-探头盖-v1.0-20241104.assets/pages_layout/layout_manifest.csv)
待确认(可能复用),异类型号残留,09-设计输出\设计输出清单二\设计输出清单二\图纸\T-Z1-探头盖-v1.0-20241104.md,37,T-Z1,- [pages_ordered_md](T-Z1-探头盖-v1.0-20241104.assets/pages_ordered_md/)
待确认(可能复用),异类型号残留,09-设计输出\设计输出清单二\设计输出清单二\图纸\T-Z1-探头盖-v1.0-20241104.md,38,T-Z1,- [visual_evidence_manifest.csv](T-Z1-探头盖-v1.0-20241104.assets/visual_evidence_manifest.csv)
待确认(可能复用),异类型号残留,09-设计输出\设计输出清单二\设计输出清单二\图纸\T-Z1-探头盖-v1.0-20241104.md,39,T-Z1,- [semantic_findings_manifest.csv](T-Z1-探头盖-v1.0-20241104.assets/semantic_findings_manifest.csv)
待确认(可能复用),异类型号残留,09-设计输出\设计输出清单二\设计输出清单二\图纸\T-Z1-探头盖-v1.0-20241104.md,40,T-Z1,- [image_manifest.csv](T-Z1-探头盖-v1.0-20241104.assets/image_manifest.csv)
待确认(可能复用),异类型号残留,09-设计输出\设计输出清单二\设计输出清单二\图纸\T-Z1-探头盖-v1.0-20241104.md,41,T-Z1,- [conversion_loss.json](T-Z1-探头盖-v1.0-20241104.assets/conversion_loss.json)
待确认(可能复用),异类型号残留,09-设计输出\设计输出清单二\设计输出清单二\图纸\T-Z1-探头盖-v1.0-20241104.md,63,T-Z1,- Page 1: [png](T-Z1-探头盖-v1.0-20241104.assets/pages_png/page_001.png); text_chars=44; ocr=done; risk=sparse_text_or_scan
待确认(可能复用),异类型号残留,09-设计输出\设计输出清单二\设计输出清单二\图纸\主板.md,48,T-Z1,"""title"": ""C:\\WINGOWS-F\\š)¡2\\DHF\\T-Z1 Model (1)"","
待确认(可能复用),异类型号残留,09-设计输出\设计输出清单二\设计输出清单二\图纸\传感器PCB.md,48,T-Z1,"""title"": ""C:\\WINGOWS-F\\š)¡2\\DHF\\T-Z1 Model (1)"","
待确认(可能复用),异类型号残留,09-设计输出\设计输出清单二\设计输出清单二\图纸\保护盖.md,48,T-Z1,"""title"": ""C:\\WINGOWS-F\\š)¡2\\DHF\\T-Z1 Model (1)"","
待确认(可能复用),异类型号残留,09-设计输出\设计输出清单二\设计输出清单二\图纸\导光板.md,48,T-Z1,"""title"": ""C:\\WINGOWS-F\\š)¡2\\DHF\\T-Z1 Model (1)"","
待确认(可能复用),异类型号残留,09-设计输出\设计输出清单二\设计输出清单二\图纸\开关帽.md,48,T-Z1,"""title"": ""C:\\WINGOWS-F\\š)¡2\\DHF\\T-Z1 Model (1)"","
待确认(可能复用),异类型号残留,09-设计输出\设计输出清单二\设计输出清单二\图纸\支撑垫.md,48,T-Z1,"""title"": ""C:\\WINGOWS-F\\š)¡2\\DHF\\T-Z1 Model (1)"","
待确认(可能复用),异类型号残留,09-设计输出\设计输出清单二\设计输出清单二\图纸\支架.md,48,T-Z1,"""title"": ""C:\\WINGOWS-F\\š)¡2\\DHF\\T-Z1 Model (1)"","
待确认(可能复用),异类型号残留,09-设计输出\设计输出清单二\设计输出清单二\图纸\电池盖.md,48,T-Z1,"""title"": ""C:\\WINGOWS-F\\š)¡2\\DHF\\T-Z1 Model (1)"","
待确认(可能复用),异类型号残留,09-设计输出\设计输出清单二\设计输出清单二\图纸\透镜.md,48,T-Z1,"""title"": ""C:\\WINGOWS-F\\š)¡2\\DHF\\T-Z1 Model (1)"","
待确认(可能复用),异类型号残留,09-设计输出\设计输出清单二\设计输出清单二\图纸\PT9L-总装图-v1.0-20240627.assets\pages_ordered_md\page_001.md,54,PT3,PT3-M01
待确认(可能复用),异类型号残留,09-设计输出\设计输出清单二\设计输出清单二\图纸\PT9L-总装图-v1.0-20240627.assets\pages_ordered_md\page_001.md,56,PT3,PT3-M03
待确认(可能复用),异类型号残留,09-设计输出\设计输出清单二\设计输出清单二\图纸\PT9L-总装图-v1.0-20240627.assets\pages_ordered_md\page_001.md,58,T-Z1,T-Z1-P10
待确认(可能复用),异类型号残留,09-设计输出\设计输出清单二\设计输出清单二\图纸\PT9L-总装图-v1.0-20240627.assets\pages_ordered_md\page_001.md,60,T-Z1,T-Z1-P07
待确认(可能复用),异类型号残留,09-设计输出\设计输出清单二\设计输出清单二\图纸\PT9L-总装图-v1.0-20240627.assets\pages_ordered_md\page_001.md,62,T-Z1,T-Z1-P02
待确认(可能复用),异类型号残留,09-设计输出\设计输出清单二\设计输出清单二\图纸\PT9L-总装图-v1.0-20240627.assets\pages_ordered_md\page_001.md,64,T-Z1,T-Z1-P09
待确认(可能复用),异类型号残留,09-设计输出\设计输出清单二\设计输出清单二\图纸\PT9L-总装图-v1.0-20240627.assets\pages_ordered_md\page_001.md,66,T-Z1,T-Z1-P01
待确认(可能复用),异类型号残留,09-设计输出\设计输出清单二\设计输出清单二\图纸\PT9L-总装图-v1.0-20240627.assets\pages_ordered_md\page_001.md,68,T-Z1,T-Z1-P05
待确认(可能复用),异类型号残留,09-设计输出\设计输出清单二\设计输出清单二\图纸\PT9L-总装图-v1.0-20240627.assets\pages_ordered_md\page_001.md,70,T-Z1,T-Z1-P12
待确认(可能复用),异类型号残留,09-设计输出\设计输出清单二\设计输出清单二\图纸\PT9L-总装图-v1.0-20240627.assets\pages_ordered_md\page_001.md,74,T-Z1,T-Z1-P10
待确认(可能复用),异类型号残留,09-设计输出\设计输出清单二\设计输出清单二\图纸\PT9L-总装图-v1.0-20240627.assets\pages_ordered_md\page_001.md,77,T-Z1,T-Z1-P06
待确认(可能复用),异类型号残留,09-设计输出\设计输出清单二\设计输出清单二\图纸\PT9L-总装图-v1.0-20240627.assets\pages_ordered_md\page_001.md,152,T-Z1,T-Z1-P08
待确认(可能复用),异类型号残留,09-设计输出\设计输出清单二\设计输出清单二\图纸\PT9L-总装图-v1.0-20240627.assets\pages_ordered_md\page_001.md,154,T-Z1,T-Z1-P04
待确认(可能复用),异类型号残留,09-设计输出\设计输出清单二\设计输出清单二\图纸\PT9L-总装图-v1.0-20240627.assets\pages_ordered_md\page_001.md,157,PT3,PT3-P10
待确认(可能复用),异类型号残留,09-设计输出\设计输出清单二\设计输出清单二\图纸\PT9L-总装图-v1.0-20240627.assets\pages_ordered_md\page_001.md,159,PT5,PT5-M03
待确认(可能复用),异类型号残留,09-设计输出\设计输出清单二\设计输出清单二\图纸\PT9L-总装图-v1.0-20240627.assets\pages_ordered_md\page_001.md,161,PT5,PT5-M02
待确认(可能复用),异类型号残留,09-设计输出\设计输出清单二\设计输出清单二\设计输出清单二E0.assets\设计输出清单二E0.pages.md,37,PT3,## PT3参考 / page 1
待确认(可能复用),异类型号残留,09-设计输出\设计输出清单二\设计输出清单二\设计输出清单二E0.assets\设计输出清单二E0.pages.md,39,PT3,![PT3参考 page 1](sheet_pages_png/03_PT3参考_page_001.png)
待确认(可能复用),异类型号残留,09-设计输出\设计输出清单二\设计输出清单二\设计输出清单二E0.assets\设计输出清单二E0.pages.md,41,PT3,- pdf: `sheet_pages_pdf\03_PT3参考.pdf`
待确认(可能复用),异类型号残留,09-设计输出\设计输出清单二\设计输出清单二\设计输出清单二E0.assets\设计输出清单二E0.pages.md,45,PT3,## PT3参考 / page 2
待确认(可能复用),异类型号残留,09-设计输出\设计输出清单二\设计输出清单二\设计输出清单二E0.assets\设计输出清单二E0.pages.md,47,PT3,![PT3参考 page 2](sheet_pages_png/03_PT3参考_page_002.png)
待确认(可能复用),异类型号残留,09-设计输出\设计输出清单二\设计输出清单二\设计输出清单二E0.assets\设计输出清单二E0.pages.md,49,PT3,- pdf: `sheet_pages_pdf\03_PT3参考.pdf`
待确认(可能复用),异类型号残留,09-设计输出\设计输出清单二\设计输出清单二\设计输出清单二E0.assets\sheets_md\01_087-设计输出文档清单二.md,9,T-Z1,| 1 | 上盖 |  |  | T-Z1-P01 | V3.0 |  | 上盖（外部图） |  |  |  |  |  |  |  |  |  |  |  |  |  |  |  |  |  |  |  |  |  |  |
待确认(可能复用),异类型号残留,09-设计输出\设计输出清单二\设计输出清单二\设计输出清单二E0.assets\sheets_md\01_087-设计输出文档清单二.md,10,T-Z1,| 2 | 下盖 |  |  | T-Z1-P02 | V2.0 |  |  |  |  |  |  |  |  |  |  |  |  |  |  |  |  |  |  |  |  |  |  |  |  |
待确认(可能复用),异类型号残留,09-设计输出\设计输出清单二\设计输出清单二\设计输出清单二E0.assets\sheets_md\01_087-设计输出文档清单二.md,11,T-Z1,| 3 | 探头 |  |  | T-Z1-P03 | V3.0 |  |  |  |  |  |  |  |  |  |  |  |  |  |  |  |  |  |  |  |  |  |  |  |  |
待确认(可能复用),异类型号残留,09-设计输出\设计输出清单二\设计输出清单二\设计输出清单二E0.assets\sheets_md\01_087-设计输出文档清单二.md,12,T-Z1,| 4 | 电池盖 |  |  | T-Z1-P04 | V1.0 |  |  |  |  |  |  |  |  |  |  |  |  |  |  |  |  |  |  |  |  |  |  |  |  |
待确认(可能复用),异类型号残留,09-设计输出\设计输出清单二\设计输出清单二\设计输出清单二E0.assets\sheets_md\01_087-设计输出文档清单二.md,13,T-Z1,| 5 | 按键 |  |  | T-Z1-P05 | V1.0 |  |  |  |  |  |  |  |  |  |  |  |  |  |  |  |  |  |  |  |  |  |  |  |  |
待确认(可能复用),异类型号残留,09-设计输出\设计输出清单二\设计输出清单二\设计输出清单二E0.assets\sheets_md\01_087-设计输出文档清单二.md,14,T-Z1,| 6 | 开关帽 |  |  | T-Z1-P06 | V1.0 |  |  |  |  |  |  |  |  |  |  |  |  |  |  |  |  |  |  |  |  |  |  |  |  |
待确认(可能复用),异类型号残留,09-设计输出\设计输出清单二\设计输出清单二\设计输出清单二E0.assets\sheets_md\01_087-设计输出文档清单二.md,15,T-Z1,| 7 | 支架 |  |  | T-Z1-P07 | V1.0 |  |  |  |  |  |  |  |  |  |  |  |  |  |  |  |  |  |  |  |  |  |  |  |  |
待确认(可能复用),异类型号残留,09-设计输出\设计输出清单二\设计输出清单二\设计输出清单二E0.assets\sheets_md\01_087-设计输出文档清单二.md,16,T-Z1,| 8 | 保护盖 |  |  | T-Z1-P08 | V1.0 |  |  |  |  |  |  |  |  |  |  |  |  |  |  |  |  |  |  |  |  |  |  |  |  |
待确认(可能复用),异类型号残留,09-设计输出\设计输出清单二\设计输出清单二\设计输出清单二E0.assets\sheets_md\01_087-设计输出文档清单二.md,17,T-Z1,| 9 | 透镜 |  |  | T-Z1-P09 | V1.0 |  |  |  |  |  |  |  |  |  |  |  |  |  |  |  |  |  |  |  |  |  |  |  |  |
待确认(可能复用),异类型号残留,09-设计输出\设计输出清单二\设计输出清单二\设计输出清单二E0.assets\sheets_md\01_087-设计输出文档清单二.md,19,T-Z1,| 11 | 导光板 |  |  | T-Z1-P10 | V1.0 |  |  |  |  |  |  |  |  |  |  |  |  |  |  |  |  |  |  |  |  |  |  |  |  |
待确认(可能复用),异类型号残留,09-设计输出\设计输出清单二\设计输出清单二\设计输出清单二E0.assets\sheets_md\01_087-设计输出文档清单二.md,20,T-Z1,| 12 | 斑马条 |  |  | T-Z1-P12 | V1.0 |  |  |  |  |  |  |  |  |  |  |  |  |  |  |  |  |  |  |  |  |  |  |  |  |
待确认(可能复用),异类型号残留,09-设计输出\设计输出清单二\设计输出清单二\设计输出清单二E0.assets\sheets_md\01_087-设计输出文档清单二.md,21,PT5,| 13 | 正极弹簧 |  |  | PT5-M03 | V1.0 |  |  |  |  |  |  |  |  |  |  |  |  |  |  |  |  |  |  |  |  |  |  |  |  |
待确认(可能复用),异类型号残留,09-设计输出\设计输出清单二\设计输出清单二\设计输出清单二E0.assets\sheets_md\01_087-设计输出文档清单二.md,22,PT5,| 14 | 负极弹簧 |  |  | PT5-M02 | V1.0 |  |  |  |  |  |  |  |  |  |  |  |  |  |  |  |  |  |  |  |  |  |  |  |  |
待确认(可能复用),异类型号残留,09-设计输出\设计输出清单二\设计输出清单二\设计输出清单二E0.assets\sheets_md\01_087-设计输出文档清单二.md,23,PT3,| 15 | 双联弹簧 |  |  | PT3-P10 | V1.0 |  |  |  |  |  |  |  |  |  |  |  |  |  |  |  |  |  |  |  |  |  |  |  |  |
待确认(可能复用),异类型号残留,09-设计输出\设计输出清单二\设计输出清单二\设计输出清单二E0.assets\sheets_md\01_087-设计输出文档清单二.md,25,T-Z1,| 17 | 支撑垫 |   |  | T-Z1-P15 | V2.0 |  |  |  |  |  |  |  |  |  |  |  |  |  |  |  |  |  |  |  |  |  |  |  |  |
待确认(可能复用),异类型号残留,09-设计输出\设计输出清单二\设计输出清单二\设计输出清单二E0.assets\sheets_md\01_087-设计输出文档清单二.md,26,PT3,| 18 | 金属套 |  |  | PT3-M03 | V1.0 |  |  |  |  |  |  |  |  |  |  |  |  |  |  |  |  |  |  |  |  |  |  |  |  |
待确认(可能复用),异类型号残留,09-设计输出\设计输出清单二\设计输出清单二\设计输出清单二E0.assets\sheets_md\01_087-设计输出文档清单二.md,27,PT3,| 19 | 压块 |  |  | PT3-M01 | V1.0 |  |  |  |  |  |  |  |  |  |  |  |  |  |  |  |  |  |  |  |  |  |  |  |  |
待确认(可能复用),异类型号残留,09-设计输出\设计输出清单二\设计输出清单二\设计输出清单二E0.assets\sheets_md\01_087-设计输出文档清单二.md,43,PT3,| 32 | PT3总装类组件清单 | PT9L-ABOM01 | V1.0 |  |  |  |  |  |  |  |  |  |  |  |  |  |  |  |  |  |  |  |  |  |  |  |  |  |  |
待确认(可能复用),异类型号残留,09-设计输出\设计输出清单二\设计输出清单二\设计输出清单二E0.assets\sheets_md\02_087-设计输出文档清单二_(副本).md,4,T-Z1,| 产品型号:T-Z1     提交部门:智能产品部  提交:        年  月  日 审核:          年  月  日 |  |  |  |  |  |  |  |  |  |  |  |  |  |  |  |  |  |
待确认(可能复用),异类型号残留,09-设计输出\设计输出清单二\设计输出清单二\设计输出清单二E0.assets\sheets_md\02_087-设计输出文档清单二_(副本).md,9,T-Z1,| 1 | 上盖 | T-Z1-P01 | V1.0 |  |  |  | 上盖（外部图） |  |  |  |  |  |  |  |  |  |  |  |  |  |  |  |  |  |  |  |  |  |  |
待确认(可能复用),异类型号残留,09-设计输出\设计输出清单二\设计输出清单二\设计输出清单二E0.assets\sheets_md\02_087-设计输出文档清单二_(副本).md,10,T-Z1,| 2 | 下盖 | T-Z1-P11 | V1.0 |  |  |  |  |  |  |  |  |  |  |  |  |  |  |  |  |  |  |  |  |  |  |  |  |  |  |
待确认(可能复用),异类型号残留,09-设计输出\设计输出清单二\设计输出清单二\设计输出清单二E0.assets\sheets_md\02_087-设计输出文档清单二_(副本).md,11,T-Z1,| 3 | 电池盖 | T-Z1-P04 | V1.0 |  |  |  |  |  |  |  |  |  |  |  |  |  |  |  |  |  |  |  |  |  |  |  |  |  |  |
待确认(可能复用),异类型号残留,09-设计输出\设计输出清单二\设计输出清单二\设计输出清单二E0.assets\sheets_md\02_087-设计输出文档清单二_(副本).md,12,T-Z1,| 4 | 按键 | T-Z1-P05 | V1.0 |  |  |  |  |  |  |  |  |  |  |  |  |  |  |  |  |  |  |  |  |  |  |  |  |  |  |
待确认(可能复用),异类型号残留,09-设计输出\设计输出清单二\设计输出清单二\设计输出清单二E0.assets\sheets_md\02_087-设计输出文档清单二_(副本).md,13,T-Z1,| 5 | 开关帽 | T-Z1-P06 | V1.0 |  |  |  |  |  |  |  |  |  |  |  |  |  |  |  |  |  |  |  |  |  |  |  |  |  |  |
待确认(可能复用),异类型号残留,09-设计输出\设计输出清单二\设计输出清单二\设计输出清单二E0.assets\sheets_md\02_087-设计输出文档清单二_(副本).md,14,T-Z1,| 6 | 支架 | T-Z1-P07 | V1.0 |  |  |  |  |  |  |  |  |  |  |  |  |  |  |  |  |  |  |  |  |  |  |  |  |  |  |
待确认(可能复用),异类型号残留,09-设计输出\设计输出清单二\设计输出清单二\设计输出清单二E0.assets\sheets_md\02_087-设计输出文档清单二_(副本).md,15,T-Z1,| 7 | 保护盖 | T-Z1-P08 | V1.0 |  |  |  |  |  |  |  |  |  |  |  |  |  |  |  |  |  |  |  |  |  |  |  |  |  |  |
待确认(可能复用),异类型号残留,09-设计输出\设计输出清单二\设计输出清单二\设计输出清单二E0.assets\sheets_md\02_087-设计输出文档清单二_(副本).md,16,T-Z1,| 8 | 透镜 | T-Z1-P09 | V1.0 |  |  |  |  |  |  |  |  |  |  |  |  |  |  |  |  |  |  |  |  |  |  |  |  |  |  |
待确认(可能复用),异类型号残留,09-设计输出\设计输出清单二\设计输出清单二\设计输出清单二E0.assets\sheets_md\02_087-设计输出文档清单二_(副本).md,17,T-Z1,| 9 | 液晶 | T-Z1-L01 | V1.0 |  |  |  |  |  |  |  |  |  |  |  |  |  |  |  |  |  |  |  |  |  |  |  |  |  |  |
待确认(可能复用),异类型号残留,09-设计输出\设计输出清单二\设计输出清单二\设计输出清单二E0.assets\sheets_md\02_087-设计输出文档清单二_(副本).md,18,T-Z1,| 10 | 导光板 | T-Z1-P10 | V1.0 |  |  |  |  |  |  |  |  |  |  |  |  |  |  |  |  |  |  |  |  |  |  |  |  |  |  |
待确认(可能复用),异类型号残留,09-设计输出\设计输出清单二\设计输出清单二\设计输出清单二E0.assets\sheets_md\02_087-设计输出文档清单二_(副本).md,19,T-Z1,| 11 | 斑马条 | T-Z1-P12 | V2.0 |  |  |  |  |  |  |  |  |  |  |  |  |  |  |  |  |  |  |  |  |  |  |  |  |  |  |
待确认(可能复用),异类型号残留,09-设计输出\设计输出清单二\设计输出清单二\设计输出清单二E0.assets\sheets_md\02_087-设计输出文档清单二_(副本).md,20,PT5,| 12 | 正极弹簧 |  |  | PT5-M03 | V1.0 |  |  |  |  |  |  |  |  |  |  |  |  |  |  |  |  |  |  |  |  |  |  |  |  |
待确认(可能复用),异类型号残留,09-设计输出\设计输出清单二\设计输出清单二\设计输出清单二E0.assets\sheets_md\02_087-设计输出文档清单二_(副本).md,21,PT5,| 13 | 负极弹簧 |  |  | PT5-M02 | V1.0 |  |  |  |  |  |  |  |  |  |  |  |  |  |  |  |  |  |  |  |  |  |  |  |  |
待确认(可能复用),异类型号残留,09-设计输出\设计输出清单二\设计输出清单二\设计输出清单二E0.assets\sheets_md\02_087-设计输出文档清单二_(副本).md,22,PT3,| 14 | 双联弹簧 |  |  | PT3-P10 | V1.0 |  |  |  |  |  |  |  |  |  |  |  |  |  |  |  |  |  |  |  |  |  |  |  |  |
待确认(可能复用),异类型号残留,09-设计输出\设计输出清单二\设计输出清单二\设计输出清单二E0.assets\sheets_md\02_087-设计输出文档清单二_(副本).md,28,T-Z1,| 20 | 支撑垫 | T-Z1-P15 | V2.0 |  |  |  |  |  |  |  |  |  |  |  |  |  |  |  |  |  |  |  |  |  |  |  |  |  |  |
待确认(可能复用),异类型号残留,09-设计输出\设计输出清单二\设计输出清单二\设计输出清单二E0.assets\sheets_md\02_087-设计输出文档清单二_(副本).md,30,PT3,| 22 | 金属套 |  |  | PT3-M03 | V1.0 |  |  |  |  |  |  |  |  |  |  |  |  |  |  |  |  |  |  |  |  |  |  |  |  |
待确认(可能复用),异类型号残留,09-设计输出\设计输出清单二\设计输出清单二\设计输出清单二E0.assets\sheets_md\02_087-设计输出文档清单二_(副本).md,31,PT3,| 23 | 压块 |  |  | PT3-M01 | V1.0 |  |  |  |  |  |  |  |  |  |  |  |  |  |  |  |  |  |  |  |  |  |  |  |  |
待确认(可能复用),异类型号残留,09-设计输出\设计输出清单二\设计输出清单二\设计输出清单二E0.assets\sheets_md\02_087-设计输出文档清单二_(副本).md,37,T-Z1,| 26 | 外观图 | T-Z1-F01 | V1.0 |  |  |  |  |  |  |  |  |  |  |  |  |  |  |  |  |  |  |  |  |  |  |  |  |  |  |
待确认(可能复用),异类型号残留,09-设计输出\设计输出清单二\设计输出清单二\设计输出清单二E0.assets\sheets_md\02_087-设计输出文档清单二_(副本).md,38,T-Z1,| 27 | 总装图 | T-Z1-A01 | V1.0 |  |  |  |  |  |  |  |  |  |  |  |  |  |  |  |  |  |  |  |  |  |  |  |  |  |  |
待确认(可能复用),异类型号残留,09-设计输出\设计输出清单二\设计输出清单二\设计输出清单二E0.assets\sheets_md\02_087-设计输出文档清单二_(副本).md,39,T-Z1,| 28 | 装箱示意图 | T-Z1-A05 | V1.0 |  |  |  |  |  |  |  |  |  |  |  |  |  |  |  |  |  |  |  |  |  |  |  |  |  |  |
待确认(可能复用),异类型号残留,09-设计输出\设计输出清单二\设计输出清单二\设计输出清单二E0.assets\sheets_md\02_087-设计输出文档清单二_(副本).md,40,T-Z1,| 29 | 装配说明 | T-Z1-ZPSM01 | V1.0 |  |  |  |  |  |  |  |  |  |  |  |  |  |  |  |  |  |  |  |  |  |  |  |  |  |  |
待确认(可能复用),异类型号残留,09-设计输出\设计输出清单二\设计输出清单二\设计输出清单二E0.assets\sheets_md\02_087-设计输出文档清单二_(副本).md,42,T-Z1,| 30 | 快速指南 | T-Z1-KSZP01  | V1.0 |  |  |  |  |  |  |  |  |  |  |  |  |  |  |  |  |  |  |  |  |  |  |  |  |  |  |
待确认(可能复用),异类型号残留,09-设计输出\设计输出清单二\设计输出清单二\设计输出清单二E0.assets\sheets_md\02_087-设计输出文档清单二_(副本).md,43,T-Z1,| 31 | 说明书 | T-Z1-SMSP01 |  V1.0 |  |  |  |  |  |  |  |  |  |  |  |  |  |  |  |  |  |  |  |  |  |  |  |  |  |  |
待确认(可能复用),异类型号残留,09-设计输出\设计输出清单二\设计输出清单二\设计输出清单二E0.assets\sheets_md\02_087-设计输出文档清单二_(副本).md,44,T-Z1,| 32 | 彩包装 | T-Z1-CBZP01 |  V1.0 |  |  |  |  |  |  |  |  |  |  |  |  |  |  |  |  |  |  |  |  |  |  |  |  |  |  |
待确认(可能复用),异类型号残留,09-设计输出\设计输出清单二\设计输出清单二\设计输出清单二E0.assets\sheets_md\02_087-设计输出文档清单二_(副本).md,45,T-Z1,| 33 | 吸塑盒 | T-Z1-P16 |  V1.0 |  |  |  |  |  |  |  |  |  |  |  |  |  |  |  |  |  |  |  |  |  |  |  |  |  |  |
待确认(可能复用),异类型号残留,09-设计输出\设计输出清单二\设计输出清单二\设计输出清单二E0.assets\sheets_md\02_087-设计输出文档清单二_(副本).md,46,T-Z1,| 34 | 铭牌 | T-Z1-F01 |  V1.0 |  |  |  |  |  |  |  |  |  |  |  |  |  |  |  |  |  |  |  |  |  |  |  |  |  |  |
待确认(可能复用),异类型号残留,09-设计输出\设计输出清单二\设计输出清单二\设计输出清单二E0.assets\sheets_md\02_087-设计输出文档清单二_(副本).md,47,T-Z1,| 35 | 保护膜 | T-Z1-P17 |  V1.0 |  |  |  |  |  |  |  |  |  |  |  |  |  |  |  |  |  |  |  |  |  |  |  |  |  |  |
待确认(可能复用),异类型号残留,09-设计输出\设计输出清单二\设计输出清单二\设计输出清单二E0.assets\sheets_md\02_087-设计输出文档清单二_(副本).md,50,PT3,| 38 | 防拆签 | PT3-F21 |  V1.0 |  |  |  |  |  |  |  |  |  |  |  |  |  |  |  |  |  |  |  |  |  |  |  |  |  |  |
待确认(可能复用),异类型号残留,09-设计输出\设计输出清单二\设计输出清单二\设计输出清单二E0.assets\sheets_md\02_087-设计输出文档清单二_(副本).md,53,T-Z1,| 41 | 外箱 | T-Z1-F05 |  V1.0 |  |  |  |  |  |  |  |  |  |  |  |  |  |  |  |  |  |  |  |  |  |  |  |  |  |  |
待确认(可能复用),异类型号残留,09-设计输出\设计输出清单二\设计输出清单二\设计输出清单二E0.assets\sheets_md\02_087-设计输出文档清单二_(副本).md,58,PT3,| 33 | PT3总装类组件清单 | T-Z1-ABOM01 | V1.0 |  |  |  |  |  |  |  |  |  |  |  |  |  |  |  |  |  |  |  |  |  |  |  |  |  |  |
待确认(可能复用),异类型号残留,09-设计输出\设计输出清单二\设计输出清单二\设计输出清单二E0.assets\sheets_md\02_087-设计输出文档清单二_(副本).md,58,T-Z1,| 33 | PT3总装类组件清单 | T-Z1-ABOM01 | V1.0 |  |  |  |  |  |  |  |  |  |  |  |  |  |  |  |  |  |  |  |  |  |  |  |  |  |  |
待确认(可能复用),异类型号残留,09-设计输出\设计输出清单二\设计输出清单二\设计输出清单二E0.assets\sheets_md\02_087-设计输出文档清单二_(副本).md,59,PT3,| 34 | PT3包装类组件清单 | PT3SBT-PBOM01 | V1.0 |  |  |  |  |  |  |  |  |  |  |  |  |  |  |  |  |  |  |  |  |  |  |  |  |  |  |
待确认(可能复用),异类型号残留,09-设计输出\设计输出清单二\设计输出清单二\设计输出清单二E0.assets\sheets_md\03_PT3参考.md,9,PT3,| 1 | 上盖 |  |  | PT3-P01 | V1.0 |  | 上盖（外部图） |  |  |  |  |  |  |  |  |  |  |  |  |  |  |  |  |  |  |  |  |  |  |
待确认(可能复用),异类型号残留,09-设计输出\设计输出清单二\设计输出清单二\设计输出清单二E0.assets\sheets_md\03_PT3参考.md,10,PT3,| 2 | 下盖 |  |  | PT3-P02 | V1.0 |  |  |  |  |  |  |  |  |  |  |  |  |  |  |  |  |  |  |  |  |  |  |  |  |
待确认(可能复用),异类型号残留,09-设计输出\设计输出清单二\设计输出清单二\设计输出清单二E0.assets\sheets_md\03_PT3参考.md,11,PT3,| 3 | 电池盖 |  |  | PT3-P03 | V1.0 |  |  |  |  |  |  |  |  |  |  |  |  |  |  |  |  |  |  |  |  |  |  |  |  |
待确认(可能复用),异类型号残留,09-设计输出\设计输出清单二\设计输出清单二\设计输出清单二E0.assets\sheets_md\03_PT3参考.md,12,PT3,| 4 | 传感器支架上盖 |  |  | PT3-P04 | V1.0 |  |  |  |  |  |  |  |  |  |  |  |  |  |  |  |  |  |  |  |  |  |  |  |  |
待确认(可能复用),异类型号残留,09-设计输出\设计输出清单二\设计输出清单二\设计输出清单二E0.assets\sheets_md\03_PT3参考.md,13,PT3,| 5 | 传感器支架下盖 |  |  | PT3-P05 | V1.0 |  |  |  |  |  |  |  |  |  |  |  |  |  |  |  |  |  |  |  |  |  |  |  |  |
待确认(可能复用),异类型号残留,09-设计输出\设计输出清单二\设计输出清单二\设计输出清单二E0.assets\sheets_md\03_PT3参考.md,14,PT3,| 6 | 透镜 |  |  | PT3-P06 | V1.0 |  |  |  |  |  |  |  |  |  |  |  |  |  |  |  |  |  |  |  |  |  |  |  |  |
待确认(可能复用),异类型号残留,09-设计输出\设计输出清单二\设计输出清单二\设计输出清单二E0.assets\sheets_md\03_PT3参考.md,15,PT3,| 7 | 透镜 |  |  | PT3-P07 | V1.0 |  |  |  |  |  |  |  |  |  |  |  |  |  |  |  |  |  |  |  |  |  |  |  |  |
待确认(可能复用),异类型号残留,09-设计输出\设计输出清单二\设计输出清单二\设计输出清单二E0.assets\sheets_md\03_PT3参考.md,16,PT3,| 8 | 双面胶 |  |  | PT3-P08 | V1.0 |  |  |  |  |  |  |  |  |  |  |  |  |  |  |  |  |  |  |  |  |  |  |  |  |
待确认(可能复用),异类型号残留,09-设计输出\设计输出清单二\设计输出清单二\设计输出清单二E0.assets\sheets_md\03_PT3参考.md,17,PT3,| 9 | 正极弹簧 |  |  | PT3-P09 | V1.0 |  |  |  |  |  |  |  |  |  |  |  |  |  |  |  |  |  |  |  |  |  |  |  |  |
待确认(可能复用),异类型号残留,09-设计输出\设计输出清单二\设计输出清单二\设计输出清单二E0.assets\sheets_md\03_PT3参考.md,18,PT3,| 10 | 双联弹簧 |  |  | PT3-P10 | V1.0 |  |  |  |  |  |  |  |  |  |  |  |  |  |  |  |  |  |  |  |  |  |  |  |  |
待确认(可能复用),异类型号残留,09-设计输出\设计输出清单二\设计输出清单二\设计输出清单二E0.assets\sheets_md\03_PT3参考.md,19,PT3,| 11 | 负极弹簧 |  |  | PT3-P11 | V1.0 |  |  |  |  |  |  |  |  |  |  |  |  |  |  |  |  |  |  |  |  |  |  |  |  |
待确认(可能复用),异类型号残留,09-设计输出\设计输出清单二\设计输出清单二\设计输出清单二E0.assets\sheets_md\03_PT3参考.md,20,PT3,| 12 | 透镜 |  |  | PT3-P12 | V1.0 |  |  |  |  |  |  |  |  |  |  |  |  |  |  |  |  |  |  |  |  |  |  |  |  |
待确认(可能复用),异类型号残留,09-设计输出\设计输出清单二\设计输出清单二\设计输出清单二E0.assets\sheets_md\03_PT3参考.md,21,PT3,| 13 | 硅胶套 |  |  | PT3-P15 | V1.0 |  |  |  |  |  |  |  |  |  |  |  |  |  |  |  |  |  |  |  |  |  |  |  |  |
待确认(可能复用),异类型号残留,09-设计输出\设计输出清单二\设计输出清单二\设计输出清单二E0.assets\sheets_md\03_PT3参考.md,25,PT3,| 16 | 外观图 |  |  | PT3-F02 | V1.0 |  |  |  |  |  |  |  |  |  |  |  |  |  |  |  |  |  |  |  |  |  |  |  |  |
待确认(可能复用),异类型号残留,09-设计输出\设计输出清单二\设计输出清单二\设计输出清单二E0.assets\sheets_md\03_PT3参考.md,26,PT3,| 17 | 总装图 |  |  | PT3-A01 | V1.0 |  |  |  |  |  |  |  |  |  |  |  |  |  |  |  |  |  |  |  |  |  |  |  |  |
待确认(可能复用),异类型号残留,09-设计输出\设计输出清单二\设计输出清单二\设计输出清单二E0.assets\sheets_md\03_PT3参考.md,27,PT3,| 18 | 装箱示意图 |  |  | PT3-A05 | V1.0 |  |  |  |  |  |  |  |  |  |  |  |  |  |  |  |  |  |  |  |  |  |  |  |  |
待确认(可能复用),异类型号残留,09-设计输出\设计输出清单二\设计输出清单二\设计输出清单二E0.assets\sheets_md\03_PT3参考.md,30,PT3,| 20 | 快速指南 |  |  | PT3-KSZP02 | V1.0 |  |  |  |  |  |  |  |  |  |  |  |  |  |  |  |  |  |  |  |  |  |  |  |  |
待确认(可能复用),异类型号残留,09-设计输出\设计输出清单二\设计输出清单二\设计输出清单二E0.assets\sheets_md\03_PT3参考.md,31,PT3,| 21 | 说明书 |  |  | PT3-SMSP03 | V1.0 |  |  |  |  |  |  |  |  |  |  |  |  |  |  |  |  |  |  |  |  |  |  |  |  |
待确认(可能复用),异类型号残留,09-设计输出\设计输出清单二\设计输出清单二\设计输出清单二E0.assets\sheets_md\03_PT3参考.md,32,PT3,| 22 | 彩包装 |  |  | PT3-CBZP03 | V1.0 |  |  |  |  |  |  |  |  |  |  |  |  |  |  |  |  |  |  |  |  |  |  |  |  |
待确认(可能复用),异类型号残留,09-设计输出\设计输出清单二\设计输出清单二\设计输出清单二E0.assets\sheets_md\03_PT3参考.md,33,PT3,| 23 | 保修卡 |  |  | PT3-BXKP01 | V1.0 |  |  |  |  |  |  |  |  |  |  |  |  |  |  |  |  |  |  |  |  |  |  |  |  |
待确认(可能复用),异类型号残留,09-设计输出\设计输出清单二\设计输出清单二\设计输出清单二E0.assets\sheets_md\03_PT3参考.md,34,PT3,| 24 | 保护膜 |  |  | PT3-P14 | V1.0 |  |  |  |  |  |  |  |  |  |  |  |  |  |  |  |  |  |  |  |  |  |  |  |  |
待确认(可能复用),异类型号残留,09-设计输出\设计输出清单二\设计输出清单二\设计输出清单二E0.assets\sheets_md\03_PT3参考.md,35,PT3,| 25 | 铭牌 |  |  | PT3-F17 | V1.0 |  |  |  |  |  |  |  |  |  |  |  |  |  |  |  |  |  |  |  |  |  |  |  |  |
待确认(可能复用),异类型号残留,09-设计输出\设计输出清单二\设计输出清单二\设计输出清单二E0.assets\sheets_md\03_PT3参考.md,36,PT3,| 26 | 标签 |  |  | PT3-F19 | V1.0 |  |  |  |  |  |  |  |  |  |  |  |  |  |  |  |  |  |  |  |  |  |  |  |  |
待确认(可能复用),异类型号残留,09-设计输出\设计输出清单二\设计输出清单二\设计输出清单二E0.assets\sheets_md\03_PT3参考.md,37,PT3,| 27 | 唛头标签 |  |  | PT3-F20 | V1.0 |  |  |  |  |  |  |  |  |  |  |  |  |  |  |  |  |  |  |  |  |  |  |  |  |
待确认(可能复用),异类型号残留,09-设计输出\设计输出清单二\设计输出清单二\设计输出清单二E0.assets\sheets_md\03_PT3参考.md,38,PT3,| 28 | 防拆签 |  |  | PT3-F21 | V1.0 |  |  |  |  |  |  |  |  |  |  |  |  |  |  |  |  |  |  |  |  |  |  |  |  |
待确认(可能复用),异类型号残留,09-设计输出\设计输出清单二\设计输出清单二\设计输出清单二E0.assets\sheets_md\03_PT3参考.md,39,PT3,| 29 | 纸托架 |  |  | PT3-F22 | V1.0 |  |  |  |  |  |  |  |  |  |  |  |  |  |  |  |  |  |  |  |  |  |  |  |  |
待确认(可能复用),异类型号残留,09-设计输出\设计输出清单二\设计输出清单二\设计输出清单二E0.assets\sheets_md\03_PT3参考.md,40,PT3,| 30 | 纸托架 |  |  | PT3-F23 | V1.0 |  |  |  |  |  |  |  |  |  |  |  |  |  |  |  |  |  |  |  |  |  |  |  |  |
待确认(可能复用),异类型号残留,09-设计输出\设计输出清单二\设计输出清单二\设计输出清单二E0.assets\sheets_md\03_PT3参考.md,41,PT3,| 31 | 垫板 |  |  | PT3-F24 | V1.0 |  |  |  |  |  |  |  |  |  |  |  |  |  |  |  |  |  |  |  |  |  |  |  |  |
待确认(可能复用),异类型号残留,09-设计输出\设计输出清单二\设计输出清单二\设计输出清单二E0.assets\sheets_md\03_PT3参考.md,42,PT3,| 32 | 外箱 |  |  | PT3-F25 | V1.0 |  |  |  |  |  |  |  |  |  |  |  |  |  |  |  |  |  |  |  |  |  |  |  |  |
待确认(可能复用),异类型号残留,09-设计输出\设计输出清单二\设计输出清单二\设计输出清单二E0.assets\sheets_md\03_PT3参考.md,44,PT3,| 33 | PT3总装类组件清单 | PT3SBT-ABOM01 | V1.0 |  |  |  |  |  |  |  |  |  |  |  |  |  |  |  |  |  |  |  |  |  |  |  |  |  |  |
待确认(可能复用),异类型号残留,09-设计输出\设计输出清单二\设计输出清单二\设计输出清单二E0.assets\sheets_md\03_PT3参考.md,45,PT3,| 34 | PT3包装类组件清单 | PT3SBT-PBOM01 | V1.0 |  |  |  |  |  |  |  |  |  |  |  |  |  |  |  |  |  |  |  |  |  |  |  |  |  |  |
待确认(可能复用),异类型号残留,09-设计输出\设计输出清单二\设计输出清单二E0.assets\设计输出清单二E0.pages.md,37,PT3,## PT3参考 / page 1
待确认(可能复用),异类型号残留,09-设计输出\设计输出清单二\设计输出清单二E0.assets\设计输出清单二E0.pages.md,39,PT3,![PT3参考 page 1](sheet_pages_png/03_PT3参考_page_001.png)
待确认(可能复用),异类型号残留,09-设计输出\设计输出清单二\设计输出清单二E0.assets\设计输出清单二E0.pages.md,41,PT3,- pdf: `sheet_pages_pdf\03_PT3参考.pdf`
待确认(可能复用),异类型号残留,09-设计输出\设计输出清单二\设计输出清单二E0.assets\设计输出清单二E0.pages.md,45,PT3,## PT3参考 / page 2
待确认(可能复用),异类型号残留,09-设计输出\设计输出清单二\设计输出清单二E0.assets\设计输出清单二E0.pages.md,47,PT3,![PT3参考 page 2](sheet_pages_png/03_PT3参考_page_002.png)
待确认(可能复用),异类型号残留,09-设计输出\设计输出清单二\设计输出清单二E0.assets\设计输出清单二E0.pages.md,49,PT3,- pdf: `sheet_pages_pdf\03_PT3参考.pdf`
待确认(可能复用),异类型号残留,09-设计输出\设计输出清单二\设计输出清单二E0.assets\sheets_md\01_087-设计输出文档清单二.md,9,T-Z1,| 1 | 上盖 |  |  | T-Z1-P01 | V2.0 |  | 上盖（外部图） |  |  |  |  |  |  |  | 去丝印 |  |  |  |  |  |  |  |  |  |  |  |  |  |  |
待确认(可能复用),异类型号残留,09-设计输出\设计输出清单二\设计输出清单二E0.assets\sheets_md\01_087-设计输出文档清单二.md,10,T-Z1,| 2 | 下盖 |  |  | T-Z1-P02 | V1.0 |  |  |  |  |  |  |  |  |  |  |  |  |  |  |  |  |  |  |  |  |  |  |  |  |
待确认(可能复用),异类型号残留,09-设计输出\设计输出清单二\设计输出清单二E0.assets\sheets_md\01_087-设计输出文档清单二.md,11,T-Z1,| 3 | 探头 |  |  | T-Z1-P03 | V1.0 |  |  |  |  |  |  |  |  |  |  |  |  |  |  |  |  |  |  |  |  |  |  |  |  |
待确认(可能复用),异类型号残留,09-设计输出\设计输出清单二\设计输出清单二E0.assets\sheets_md\01_087-设计输出文档清单二.md,12,T-Z1,| 4 | 电池盖 |  |  | T-Z1-P04 | V1.0 |  |  |  |  |  |  |  |  |  |  |  |  |  |  |  |  |  |  |  |  |  |  |  |  |
待确认(可能复用),异类型号残留,09-设计输出\设计输出清单二\设计输出清单二E0.assets\sheets_md\01_087-设计输出文档清单二.md,13,T-Z1,| 5 | 按键 |  |  | T-Z1-P05 | V1.0 |  |  |  |  |  |  |  |  |  |  |  |  |  |  |  |  |  |  |  |  |  |  |  |  |
待确认(可能复用),异类型号残留,09-设计输出\设计输出清单二\设计输出清单二E0.assets\sheets_md\01_087-设计输出文档清单二.md,14,T-Z1,| 6 | 开关帽 |  |  | T-Z1-P06 | V1.0 |  |  |  |  |  |  |  |  |  |  |  |  |  |  |  |  |  |  |  |  |  |  |  |  |
待确认(可能复用),异类型号残留,09-设计输出\设计输出清单二\设计输出清单二E0.assets\sheets_md\01_087-设计输出文档清单二.md,15,T-Z1,| 7 | 支架 |  |  | T-Z1-P07 | V1.0 |  |  |  |  |  |  |  |  |  |  |  |  |  |  |  |  |  |  |  |  |  |  |  |  |
待确认(可能复用),异类型号残留,09-设计输出\设计输出清单二\设计输出清单二E0.assets\sheets_md\01_087-设计输出文档清单二.md,16,T-Z1,| 8 | 保护盖 |  |  | T-Z1-P08 | V1.0 |  |  |  |  |  |  |  |  |  |  |  |  |  |  |  |  |  |  |  |  |  |  |  |  |
待确认(可能复用),异类型号残留,09-设计输出\设计输出清单二\设计输出清单二E0.assets\sheets_md\01_087-设计输出文档清单二.md,17,T-Z1,| 9 | 透镜 |  |  | T-Z1-P09 | V1.0 |  |  |  |  |  |  |  |  |  |  |  |  |  |  |  |  |  |  |  |  |  |  |  |  |
待确认(可能复用),异类型号残留,09-设计输出\设计输出清单二\设计输出清单二E0.assets\sheets_md\01_087-设计输出文档清单二.md,19,T-Z1,| 11 | 导光板 |  |  | T-Z1-P10 | V1.0 |  |  |  |  |  |  |  |  |  |  |  |  |  |  |  |  |  |  |  |  |  |  |  |  |
待确认(可能复用),异类型号残留,09-设计输出\设计输出清单二\设计输出清单二E0.assets\sheets_md\01_087-设计输出文档清单二.md,20,T-Z1,| 12 | 斑马条 |  |  | T-Z1-P12 | V1.0 |  |  |  |  |  |  |  |  |  |  |  |  |  |  |  |  |  |  |  |  |  |  |  |  |
待确认(可能复用),异类型号残留,09-设计输出\设计输出清单二\设计输出清单二E0.assets\sheets_md\01_087-设计输出文档清单二.md,21,PT5,| 13 | 正极弹簧 |  |  | PT5-M03 | V1.0 |  |  |  |  |  |  |  |  |  |  |  |  |  |  |  |  |  |  |  |  |  |  |  |  |
待确认(可能复用),异类型号残留,09-设计输出\设计输出清单二\设计输出清单二E0.assets\sheets_md\01_087-设计输出文档清单二.md,22,PT5,| 14 | 负极弹簧 |  |  | PT5-M02 | V1.0 |  |  |  |  |  |  |  |  |  |  |  |  |  |  |  |  |  |  |  |  |  |  |  |  |
待确认(可能复用),异类型号残留,09-设计输出\设计输出清单二\设计输出清单二E0.assets\sheets_md\01_087-设计输出文档清单二.md,23,PT3,| 15 | 双联弹簧 |  |  | PT3-P10 | V1.0 |  |  |  |  |  |  |  |  |  |  |  |  |  |  |  |  |  |  |  |  |  |  |  |  |
待确认(可能复用),异类型号残留,09-设计输出\设计输出清单二\设计输出清单二E0.assets\sheets_md\01_087-设计输出文档清单二.md,25,T-Z1,| 17 | 支撑垫 |  |  | T-Z1-P15 | V1.0 |  |  |  |  |  |  |  |  |  |  |  |  |  |  |  |  |  |  |  |  |  |  |  |  |
待确认(可能复用),异类型号残留,09-设计输出\设计输出清单二\设计输出清单二E0.assets\sheets_md\01_087-设计输出文档清单二.md,26,PT3,| 18 | 金属套 |  |  | PT3-M02 | V1.0 |  |  |  |  |  |  |  |  |  |  |  |  |  |  |  |  |  |  |  |  |  |  |  |  |
待确认(可能复用),异类型号残留,09-设计输出\设计输出清单二\设计输出清单二E0.assets\sheets_md\01_087-设计输出文档清单二.md,27,PT3,| 19 | 压块 |  |  | PT3-M01 | V1.0 |  |  |  |  |  |  |  |  |  |  |  |  |  |  |  |  |  |  |  |  |  |  |  |  |
待确认(可能复用),异类型号残留,09-设计输出\设计输出清单二\设计输出清单二E0.assets\sheets_md\01_087-设计输出文档清单二.md,38,PT3,| 28 | 防拆签 |  |  | PT3-F21 | V1.0 |  |  |  |  |  |  |  |  |  |  |  |  |  |  |  |  |  |  |  |  |  |  |  |  |
待确认(可能复用),异类型号残留,09-设计输出\设计输出清单二\设计输出清单二E0.assets\sheets_md\02_087-设计输出文档清单二_(副本).md,4,T-Z1,| 产品型号:T-Z1     提交部门:智能产品部  提交:        年  月  日 审核:          年  月  日 |  |  |  |  |  |  |  |  |  |  |  |  |  |  |  |  |  |
待确认(可能复用),异类型号残留,09-设计输出\设计输出清单二\设计输出清单二E0.assets\sheets_md\02_087-设计输出文档清单二_(副本).md,9,T-Z1,| 1 | 上盖 | T-Z1-P01 | V1.0 |  |  |  | 上盖（外部图） |  |  |  |  |  |  |  |  |  |  |  |  |  |  |  |  |  |  |  |  |  |  |
待确认(可能复用),异类型号残留,09-设计输出\设计输出清单二\设计输出清单二E0.assets\sheets_md\02_087-设计输出文档清单二_(副本).md,10,T-Z1,| 2 | 下盖 | T-Z1-P11 | V1.0 |  |  |  |  |  |  |  |  |  |  |  |  |  |  |  |  |  |  |  |  |  |  |  |  |  |  |
待确认(可能复用),异类型号残留,09-设计输出\设计输出清单二\设计输出清单二E0.assets\sheets_md\02_087-设计输出文档清单二_(副本).md,11,T-Z1,| 3 | 电池盖 | T-Z1-P04 | V1.0 |  |  |  |  |  |  |  |  |  |  |  |  |  |  |  |  |  |  |  |  |  |  |  |  |  |  |
待确认(可能复用),异类型号残留,09-设计输出\设计输出清单二\设计输出清单二E0.assets\sheets_md\02_087-设计输出文档清单二_(副本).md,12,T-Z1,| 4 | 按键 | T-Z1-P05 | V1.0 |  |  |  |  |  |  |  |  |  |  |  |  |  |  |  |  |  |  |  |  |  |  |  |  |  |  |
待确认(可能复用),异类型号残留,09-设计输出\设计输出清单二\设计输出清单二E0.assets\sheets_md\02_087-设计输出文档清单二_(副本).md,13,T-Z1,| 5 | 开关帽 | T-Z1-P06 | V1.0 |  |  |  |  |  |  |  |  |  |  |  |  |  |  |  |  |  |  |  |  |  |  |  |  |  |  |
待确认(可能复用),异类型号残留,09-设计输出\设计输出清单二\设计输出清单二E0.assets\sheets_md\02_087-设计输出文档清单二_(副本).md,14,T-Z1,| 6 | 支架 | T-Z1-P07 | V1.0 |  |  |  |  |  |  |  |  |  |  |  |  |  |  |  |  |  |  |  |  |  |  |  |  |  |  |
待确认(可能复用),异类型号残留,09-设计输出\设计输出清单二\设计输出清单二E0.assets\sheets_md\02_087-设计输出文档清单二_(副本).md,15,T-Z1,| 7 | 保护盖 | T-Z1-P08 | V1.0 |  |  |  |  |  |  |  |  |  |  |  |  |  |  |  |  |  |  |  |  |  |  |  |  |  |  |
待确认(可能复用),异类型号残留,09-设计输出\设计输出清单二\设计输出清单二E0.assets\sheets_md\02_087-设计输出文档清单二_(副本).md,16,T-Z1,| 8 | 透镜 | T-Z1-P09 | V1.0 |  |  |  |  |  |  |  |  |  |  |  |  |  |  |  |  |  |  |  |  |  |  |  |  |  |  |
待确认(可能复用),异类型号残留,09-设计输出\设计输出清单二\设计输出清单二E0.assets\sheets_md\02_087-设计输出文档清单二_(副本).md,17,T-Z1,| 9 | 液晶 | T-Z1-L01 | V1.0 |  |  |  |  |  |  |  |  |  |  |  |  |  |  |  |  |  |  |  |  |  |  |  |  |  |  |
待确认(可能复用),异类型号残留,09-设计输出\设计输出清单二\设计输出清单二E0.assets\sheets_md\02_087-设计输出文档清单二_(副本).md,18,T-Z1,| 10 | 导光板 | T-Z1-P10 | V1.0 |  |  |  |  |  |  |  |  |  |  |  |  |  |  |  |  |  |  |  |  |  |  |  |  |  |  |
待确认(可能复用),异类型号残留,09-设计输出\设计输出清单二\设计输出清单二E0.assets\sheets_md\02_087-设计输出文档清单二_(副本).md,19,T-Z1,| 11 | 斑马条 | T-Z1-P12 | V2.0 |  |  |  |  |  |  |  |  |  |  |  |  |  |  |  |  |  |  |  |  |  |  |  |  |  |  |
待确认(可能复用),异类型号残留,09-设计输出\设计输出清单二\设计输出清单二E0.assets\sheets_md\02_087-设计输出文档清单二_(副本).md,20,PT5,| 12 | 正极弹簧 |  |  | PT5-M03 | V1.0 |  |  |  |  |  |  |  |  |  |  |  |  |  |  |  |  |  |  |  |  |  |  |  |  |
待确认(可能复用),异类型号残留,09-设计输出\设计输出清单二\设计输出清单二E0.assets\sheets_md\02_087-设计输出文档清单二_(副本).md,21,PT5,| 13 | 负极弹簧 |  |  | PT5-M02 | V1.0 |  |  |  |  |  |  |  |  |  |  |  |  |  |  |  |  |  |  |  |  |  |  |  |  |
待确认(可能复用),异类型号残留,09-设计输出\设计输出清单二\设计输出清单二E0.assets\sheets_md\02_087-设计输出文档清单二_(副本).md,22,PT3,| 14 | 双联弹簧 |  |  | PT3-P10 | V1.0 |  |  |  |  |  |  |  |  |  |  |  |  |  |  |  |  |  |  |  |  |  |  |  |  |
待确认(可能复用),异类型号残留,09-设计输出\设计输出清单二\设计输出清单二E0.assets\sheets_md\02_087-设计输出文档清单二_(副本).md,28,T-Z1,| 20 | 支撑垫 | T-Z1-P15 | V2.0 |  |  |  |  |  |  |  |  |  |  |  |  |  |  |  |  |  |  |  |  |  |  |  |  |  |  |
待确认(可能复用),异类型号残留,09-设计输出\设计输出清单二\设计输出清单二E0.assets\sheets_md\02_087-设计输出文档清单二_(副本).md,30,PT3,| 22 | 金属套 |  |  | PT3-M03 | V1.0 |  |  |  |  |  |  |  |  |  |  |  |  |  |  |  |  |  |  |  |  |  |  |  |  |
待确认(可能复用),异类型号残留,09-设计输出\设计输出清单二\设计输出清单二E0.assets\sheets_md\02_087-设计输出文档清单二_(副本).md,31,PT3,| 23 | 压块 |  |  | PT3-M01 | V1.0 |  |  |  |  |  |  |  |  |  |  |  |  |  |  |  |  |  |  |  |  |  |  |  |  |
待确认(可能复用),异类型号残留,09-设计输出\设计输出清单二\设计输出清单二E0.assets\sheets_md\02_087-设计输出文档清单二_(副本).md,37,T-Z1,| 26 | 外观图 | T-Z1-F01 | V1.0 |  |  |  |  |  |  |  |  |  |  |  |  |  |  |  |  |  |  |  |  |  |  |  |  |  |  |
待确认(可能复用),异类型号残留,09-设计输出\设计输出清单二\设计输出清单二E0.assets\sheets_md\02_087-设计输出文档清单二_(副本).md,38,T-Z1,| 27 | 总装图 | T-Z1-A01 | V1.0 |  |  |  |  |  |  |  |  |  |  |  |  |  |  |  |  |  |  |  |  |  |  |  |  |  |  |
待确认(可能复用),异类型号残留,09-设计输出\设计输出清单二\设计输出清单二E0.assets\sheets_md\02_087-设计输出文档清单二_(副本).md,39,T-Z1,| 28 | 装箱示意图 | T-Z1-A05 | V1.0 |  |  |  |  |  |  |  |  |  |  |  |  |  |  |  |  |  |  |  |  |  |  |  |  |  |  |
待确认(可能复用),异类型号残留,09-设计输出\设计输出清单二\设计输出清单二E0.assets\sheets_md\02_087-设计输出文档清单二_(副本).md,40,T-Z1,| 29 | 装配说明 | T-Z1-ZPSM01 | V1.0 |  |  |  |  |  |  |  |  |  |  |  |  |  |  |  |  |  |  |  |  |  |  |  |  |  |  |
待确认(可能复用),异类型号残留,09-设计输出\设计输出清单二\设计输出清单二E0.assets\sheets_md\02_087-设计输出文档清单二_(副本).md,42,T-Z1,| 30 | 快速指南 | T-Z1-KSZP01  | V1.0 |  |  |  |  |  |  |  |  |  |  |  |  |  |  |  |  |  |  |  |  |  |  |  |  |  |  |
待确认(可能复用),异类型号残留,09-设计输出\设计输出清单二\设计输出清单二E0.assets\sheets_md\02_087-设计输出文档清单二_(副本).md,43,T-Z1,| 31 | 说明书 | T-Z1-SMSP01 |  V1.0 |  |  |  |  |  |  |  |  |  |  |  |  |  |  |  |  |  |  |  |  |  |  |  |  |  |  |
待确认(可能复用),异类型号残留,09-设计输出\设计输出清单二\设计输出清单二E0.assets\sheets_md\02_087-设计输出文档清单二_(副本).md,44,T-Z1,| 32 | 彩包装 | T-Z1-CBZP01 |  V1.0 |  |  |  |  |  |  |  |  |  |  |  |  |  |  |  |  |  |  |  |  |  |  |  |  |  |  |
待确认(可能复用),异类型号残留,09-设计输出\设计输出清单二\设计输出清单二E0.assets\sheets_md\02_087-设计输出文档清单二_(副本).md,45,T-Z1,| 33 | 吸塑盒 | T-Z1-P16 |  V1.0 |  |  |  |  |  |  |  |  |  |  |  |  |  |  |  |  |  |  |  |  |  |  |  |  |  |  |
待确认(可能复用),异类型号残留,09-设计输出\设计输出清单二\设计输出清单二E0.assets\sheets_md\02_087-设计输出文档清单二_(副本).md,46,T-Z1,| 34 | 铭牌 | T-Z1-F01 |  V1.0 |  |  |  |  |  |  |  |  |  |  |  |  |  |  |  |  |  |  |  |  |  |  |  |  |  |  |
待确认(可能复用),异类型号残留,09-设计输出\设计输出清单二\设计输出清单二E0.assets\sheets_md\02_087-设计输出文档清单二_(副本).md,47,T-Z1,| 35 | 保护膜 | T-Z1-P17 |  V1.0 |  |  |  |  |  |  |  |  |  |  |  |  |  |  |  |  |  |  |  |  |  |  |  |  |  |  |
待确认(可能复用),异类型号残留,09-设计输出\设计输出清单二\设计输出清单二E0.assets\sheets_md\02_087-设计输出文档清单二_(副本).md,50,PT3,| 38 | 防拆签 | PT3-F21 |  V1.0 |  |  |  |  |  |  |  |  |  |  |  |  |  |  |  |  |  |  |  |  |  |  |  |  |  |  |
待确认(可能复用),异类型号残留,09-设计输出\设计输出清单二\设计输出清单二E0.assets\sheets_md\02_087-设计输出文档清单二_(副本).md,53,T-Z1,| 41 | 外箱 | T-Z1-F05 |  V1.0 |  |  |  |  |  |  |  |  |  |  |  |  |  |  |  |  |  |  |  |  |  |  |  |  |  |  |
待确认(可能复用),异类型号残留,09-设计输出\设计输出清单二\设计输出清单二E0.assets\sheets_md\02_087-设计输出文档清单二_(副本).md,58,PT3,| 33 | PT3总装类组件清单 | T-Z1-ABOM01 | V1.0 |  |  |  |  |  |  |  |  |  |  |  |  |  |  |  |  |  |  |  |  |  |  |  |  |  |  |
待确认(可能复用),异类型号残留,09-设计输出\设计输出清单二\设计输出清单二E0.assets\sheets_md\02_087-设计输出文档清单二_(副本).md,58,T-Z1,| 33 | PT3总装类组件清单 | T-Z1-ABOM01 | V1.0 |  |  |  |  |  |  |  |  |  |  |  |  |  |  |  |  |  |  |  |  |  |  |  |  |  |  |
待确认(可能复用),异类型号残留,09-设计输出\设计输出清单二\设计输出清单二E0.assets\sheets_md\02_087-设计输出文档清单二_(副本).md,59,PT3,| 34 | PT3包装类组件清单 | PT3SBT-PBOM01 | V1.0 |  |  |  |  |  |  |  |  |  |  |  |  |  |  |  |  |  |  |  |  |  |  |  |  |  |  |
待确认(可能复用),异类型号残留,09-设计输出\设计输出清单二\设计输出清单二E0.assets\sheets_md\03_PT3参考.md,9,PT3,| 1 | 上盖 |  |  | PT3-P01 | V1.0 |  | 上盖（外部图） |  |  |  |  |  |  |  |  |  |  |  |  |  |  |  |  |  |  |  |  |  |  |
待确认(可能复用),异类型号残留,09-设计输出\设计输出清单二\设计输出清单二E0.assets\sheets_md\03_PT3参考.md,10,PT3,| 2 | 下盖 |  |  | PT3-P02 | V1.0 |  |  |  |  |  |  |  |  |  |  |  |  |  |  |  |  |  |  |  |  |  |  |  |  |
待确认(可能复用),异类型号残留,09-设计输出\设计输出清单二\设计输出清单二E0.assets\sheets_md\03_PT3参考.md,11,PT3,| 3 | 电池盖 |  |  | PT3-P03 | V1.0 |  |  |  |  |  |  |  |  |  |  |  |  |  |  |  |  |  |  |  |  |  |  |  |  |
待确认(可能复用),异类型号残留,09-设计输出\设计输出清单二\设计输出清单二E0.assets\sheets_md\03_PT3参考.md,12,PT3,| 4 | 传感器支架上盖 |  |  | PT3-P04 | V1.0 |  |  |  |  |  |  |  |  |  |  |  |  |  |  |  |  |  |  |  |  |  |  |  |  |
待确认(可能复用),异类型号残留,09-设计输出\设计输出清单二\设计输出清单二E0.assets\sheets_md\03_PT3参考.md,13,PT3,| 5 | 传感器支架下盖 |  |  | PT3-P05 | V1.0 |  |  |  |  |  |  |  |  |  |  |  |  |  |  |  |  |  |  |  |  |  |  |  |  |
待确认(可能复用),异类型号残留,09-设计输出\设计输出清单二\设计输出清单二E0.assets\sheets_md\03_PT3参考.md,14,PT3,| 6 | 透镜 |  |  | PT3-P06 | V1.0 |  |  |  |  |  |  |  |  |  |  |  |  |  |  |  |  |  |  |  |  |  |  |  |  |
待确认(可能复用),异类型号残留,09-设计输出\设计输出清单二\设计输出清单二E0.assets\sheets_md\03_PT3参考.md,15,PT3,| 7 | 透镜 |  |  | PT3-P07 | V1.0 |  |  |  |  |  |  |  |  |  |  |  |  |  |  |  |  |  |  |  |  |  |  |  |  |
待确认(可能复用),异类型号残留,09-设计输出\设计输出清单二\设计输出清单二E0.assets\sheets_md\03_PT3参考.md,16,PT3,| 8 | 双面胶 |  |  | PT3-P08 | V1.0 |  |  |  |  |  |  |  |  |  |  |  |  |  |  |  |  |  |  |  |  |  |  |  |  |
待确认(可能复用),异类型号残留,09-设计输出\设计输出清单二\设计输出清单二E0.assets\sheets_md\03_PT3参考.md,17,PT3,| 9 | 正极弹簧 |  |  | PT3-P09 | V1.0 |  |  |  |  |  |  |  |  |  |  |  |  |  |  |  |  |  |  |  |  |  |  |  |  |
待确认(可能复用),异类型号残留,09-设计输出\设计输出清单二\设计输出清单二E0.assets\sheets_md\03_PT3参考.md,18,PT3,| 10 | 双联弹簧 |  |  | PT3-P10 | V1.0 |  |  |  |  |  |  |  |  |  |  |  |  |  |  |  |  |  |  |  |  |  |  |  |  |
待确认(可能复用),异类型号残留,09-设计输出\设计输出清单二\设计输出清单二E0.assets\sheets_md\03_PT3参考.md,19,PT3,| 11 | 负极弹簧 |  |  | PT3-P11 | V1.0 |  |  |  |  |  |  |  |  |  |  |  |  |  |  |  |  |  |  |  |  |  |  |  |  |
待确认(可能复用),异类型号残留,09-设计输出\设计输出清单二\设计输出清单二E0.assets\sheets_md\03_PT3参考.md,20,PT3,| 12 | 透镜 |  |  | PT3-P12 | V1.0 |  |  |  |  |  |  |  |  |  |  |  |  |  |  |  |  |  |  |  |  |  |  |  |  |
待确认(可能复用),异类型号残留,09-设计输出\设计输出清单二\设计输出清单二E0.assets\sheets_md\03_PT3参考.md,21,PT3,| 13 | 硅胶套 |  |  | PT3-P15 | V1.0 |  |  |  |  |  |  |  |  |  |  |  |  |  |  |  |  |  |  |  |  |  |  |  |  |
待确认(可能复用),异类型号残留,09-设计输出\设计输出清单二\设计输出清单二E0.assets\sheets_md\03_PT3参考.md,25,PT3,| 16 | 外观图 |  |  | PT3-F02 | V1.0 |  |  |  |  |  |  |  |  |  |  |  |  |  |  |  |  |  |  |  |  |  |  |  |  |
待确认(可能复用),异类型号残留,09-设计输出\设计输出清单二\设计输出清单二E0.assets\sheets_md\03_PT3参考.md,26,PT3,| 17 | 总装图 |  |  | PT3-A01 | V1.0 |  |  |  |  |  |  |  |  |  |  |  |  |  |  |  |  |  |  |  |  |  |  |  |  |
待确认(可能复用),异类型号残留,09-设计输出\设计输出清单二\设计输出清单二E0.assets\sheets_md\03_PT3参考.md,27,PT3,| 18 | 装箱示意图 |  |  | PT3-A05 | V1.0 |  |  |  |  |  |  |  |  |  |  |  |  |  |  |  |  |  |  |  |  |  |  |  |  |
待确认(可能复用),异类型号残留,09-设计输出\设计输出清单二\设计输出清单二E0.assets\sheets_md\03_PT3参考.md,30,PT3,| 20 | 快速指南 |  |  | PT3-KSZP02 | V1.0 |  |  |  |  |  |  |  |  |  |  |  |  |  |  |  |  |  |  |  |  |  |  |  |  |
待确认(可能复用),异类型号残留,09-设计输出\设计输出清单二\设计输出清单二E0.assets\sheets_md\03_PT3参考.md,31,PT3,| 21 | 说明书 |  |  | PT3-SMSP03 | V1.0 |  |  |  |  |  |  |  |  |  |  |  |  |  |  |  |  |  |  |  |  |  |  |  |  |
待确认(可能复用),异类型号残留,09-设计输出\设计输出清单二\设计输出清单二E0.assets\sheets_md\03_PT3参考.md,32,PT3,| 22 | 彩包装 |  |  | PT3-CBZP03 | V1.0 |  |  |  |  |  |  |  |  |  |  |  |  |  |  |  |  |  |  |  |  |  |  |  |  |
待确认(可能复用),异类型号残留,09-设计输出\设计输出清单二\设计输出清单二E0.assets\sheets_md\03_PT3参考.md,33,PT3,| 23 | 保修卡 |  |  | PT3-BXKP01 | V1.0 |  |  |  |  |  |  |  |  |  |  |  |  |  |  |  |  |  |  |  |  |  |  |  |  |
待确认(可能复用),异类型号残留,09-设计输出\设计输出清单二\设计输出清单二E0.assets\sheets_md\03_PT3参考.md,34,PT3,| 24 | 保护膜 |  |  | PT3-P14 | V1.0 |  |  |  |  |  |  |  |  |  |  |  |  |  |  |  |  |  |  |  |  |  |  |  |  |
待确认(可能复用),异类型号残留,09-设计输出\设计输出清单二\设计输出清单二E0.assets\sheets_md\03_PT3参考.md,35,PT3,| 25 | 铭牌 |  |  | PT3-F17 | V1.0 |  |  |  |  |  |  |  |  |  |  |  |  |  |  |  |  |  |  |  |  |  |  |  |  |
待确认(可能复用),异类型号残留,09-设计输出\设计输出清单二\设计输出清单二E0.assets\sheets_md\03_PT3参考.md,36,PT3,| 26 | 标签 |  |  | PT3-F19 | V1.0 |  |  |  |  |  |  |  |  |  |  |  |  |  |  |  |  |  |  |  |  |  |  |  |  |
待确认(可能复用),异类型号残留,09-设计输出\设计输出清单二\设计输出清单二E0.assets\sheets_md\03_PT3参考.md,37,PT3,| 27 | 唛头标签 |  |  | PT3-F20 | V1.0 |  |  |  |  |  |  |  |  |  |  |  |  |  |  |  |  |  |  |  |  |  |  |  |  |
待确认(可能复用),异类型号残留,09-设计输出\设计输出清单二\设计输出清单二E0.assets\sheets_md\03_PT3参考.md,38,PT3,| 28 | 防拆签 |  |  | PT3-F21 | V1.0 |  |  |  |  |  |  |  |  |  |  |  |  |  |  |  |  |  |  |  |  |  |  |  |  |
待确认(可能复用),异类型号残留,09-设计输出\设计输出清单二\设计输出清单二E0.assets\sheets_md\03_PT3参考.md,39,PT3,| 29 | 纸托架 |  |  | PT3-F22 | V1.0 |  |  |  |  |  |  |  |  |  |  |  |  |  |  |  |  |  |  |  |  |  |  |  |  |
待确认(可能复用),异类型号残留,09-设计输出\设计输出清单二\设计输出清单二E0.assets\sheets_md\03_PT3参考.md,40,PT3,| 30 | 纸托架 |  |  | PT3-F23 | V1.0 |  |  |  |  |  |  |  |  |  |  |  |  |  |  |  |  |  |  |  |  |  |  |  |  |
待确认(可能复用),异类型号残留,09-设计输出\设计输出清单二\设计输出清单二E0.assets\sheets_md\03_PT3参考.md,41,PT3,| 31 | 垫板 |  |  | PT3-F24 | V1.0 |  |  |  |  |  |  |  |  |  |  |  |  |  |  |  |  |  |  |  |  |  |  |  |  |
待确认(可能复用),异类型号残留,09-设计输出\设计输出清单二\设计输出清单二E0.assets\sheets_md\03_PT3参考.md,42,PT3,| 32 | 外箱 |  |  | PT3-F25 | V1.0 |  |  |  |  |  |  |  |  |  |  |  |  |  |  |  |  |  |  |  |  |  |  |  |  |
待确认(可能复用),异类型号残留,09-设计输出\设计输出清单二\设计输出清单二E0.assets\sheets_md\03_PT3参考.md,44,PT3,| 33 | PT3总装类组件清单 | PT3SBT-ABOM01 | V1.0 |  |  |  |  |  |  |  |  |  |  |  |  |  |  |  |  |  |  |  |  |  |  |  |  |  |  |
待确认(可能复用),异类型号残留,09-设计输出\设计输出清单二\设计输出清单二E0.assets\sheets_md\03_PT3参考.md,45,PT3,| 34 | PT3包装类组件清单 | PT3SBT-PBOM01 | V1.0 |  |  |  |  |  |  |  |  |  |  |  |  |  |  |  |  |  |  |  |  |  |  |  |  |  |  |
低,占位符未替换,01 立项批准书E0\客户需求书E0.assets\sheets_md\02_客户需求书.md,7,______________,| 2 | 预计销售地区及注册要求 | □ 欧盟地区     EU          通过时间要求：             分类：  申请路径：   OTC:<br>■ 美国   USA               通过时间要求：    
低,占位符未替换,01 立项批准书E0\客户需求书E0.assets\sheets_md\02_客户需求书.md,16,_______________________________,| 10 | 环保 | 要求同时满足以下环保指令或法规： <br>□中国ROHS 2.0<br>■ROHS(2011/65/EU)<br>■加州65提案<br>□REACH(1907/2006/EC)<br>□WEEE关于报废电子电气设备指
低,占位符未替换,04 设计输入E0\设计输入汇总表E0.assets\sheets_md\01_设计输入_通用.md,16,_______________________________,| 9 | 环保<br>Environment protection | 要求同时满足以下环保指令或法规： <br>□ROHS(2011/65/EU)（2015/863/EU）<br>□REACH(1907/2006/EC)<br>□WEE
低,占位符未替换,08 T1样机\04-设计验证计划E0\设计验证计划-通用要求和法规部分E0.assets\sheets_md\01_设计验证计划_通用.md,19,_______________________________,| 9 | 环保<br>Environment protection | 要求同时满足以下环保指令或法规： <br>□ROHS(2011/65/EU)（2015/863/EU）<br>□REACH(1907/2006/EC)<br>□WEE
低,占位符未替换,08 T1样机\10-PT9L标签审核表.assets\sheets_md\11_801.md,10,_____,"| (c) |  Where a device is not manufactured by the person whose name appears on the label, the name shall be qualified b"
低,占位符未替换,08 T1样机\13-设计验证报告E0\设计验证报告-通用要求部分E0.assets\sheets_md\02_设计验证_通用-T1阶段.md,18,_______________________________,| 9 | 环保<br>Environment protection | 要求同时满足以下环保指令或法规： <br>□ROHS(2011/65/EU)（2015/863/EU）<br>□REACH(1907/2006/EC)<br>□WEE
低,占位符未替换,09-设计输出\设计输出清单二\包装\外箱条码标签-PT1-F07 V1.0.md,48,XXXXXXX,"""title"": ""K04080002148XXXXXXX-图纸-PT1-F07 V1.0"","
低,占位符未替换,09-设计输出\设计输出清单二\包装\AI\K040100014357620814-图纸-PT9L-F01+V1.0.md,39,XXXXXXX,"""title"": ""K04010001435XXXXXXX-外箱图纸-PT9L-F01 V1.0 0904"","
低,占位符未替换,09-设计输出\设计输出清单二\包装\AI\K040500002717620814-图纸-PT9L-F04+V1.0.md,39,XXXXXXX,"""title"": ""K04050000271XXXXXXX-内衬图纸-PT9L-F04 V1.0 0903"","
低,占位符未替换,09-设计输出\设计输出清单二\包装\AI\K040700022027620814-图纸-PT9L-SMSP01+V1.0 (1).md,39,XXXXXXX,"""title"": ""K04070002202XXXXXXX-图纸-PT9L-SMSP01 V2.0"","
低,占位符未替换,09-设计输出\设计输出清单二\包装\AI\K040700022027620814-图纸-PT9L-SMSP01+V1.0.md,39,XXXXXXX,"""title"": ""K04070002202XXXXXXX-图纸-PT9L-SMSP01 V2.0"","
低,占位符未替换,09-设计输出\设计输出清单二\包装\AI\K040800021467620814-图纸-PT1-F05+V1.0.md,39,XXXXXXX,"""title"": ""K04080002146XXXXXXX-图纸-PT1-F05 V1.0"","
低,占位符未替换,09-设计输出\设计输出清单二\包装\AI\K040800021487620814-图纸-PT1-F07+V1.0.md,39,XXXXXXX,"""title"": ""K04080002148XXXXXXX-图纸-PT1-F07 V1.0"","
低,占位符未替换,09-设计输出\设计输出清单二\包装\AI\K040800025021030093-图纸-PT9L-F02+V1.0.md,39,XXXXXXX,"""title"": ""K04080002502XXXXXXX-铭牌图纸-PT9L-F02 V1.0"","
低,占位符未替换,09-设计输出\设计输出清单二\包装\AI\K040800025031030093-图纸-PT9L-F03+V1.0.md,39,XXXXXXX,"""title"": ""K04080002503XXXXXXX-二维码图纸-PT9L-F03 V1.0 0903"","
低,占位符未替换,09-设计输出\设计输出清单二\装配说明V1.0-PT9L.assets\images.md,1228,____,\__广_=____「′…\
低,占位符未替换,09-设计输出\设计输出清单二\设计输出清单二\装配说明V1.0-PT9L.assets\images.md,1199,____,\__广_=____「′…\
低,占位符未替换,11-设计确认\10-设计验证报告-设计确认阶段\设计验证报告-通用要求和法规部分.assets\sheets_md\02_设计验证_通用-确认阶段.md,18,_______________________________,| 9 | 环保<br>Environment protection | 要求同时满足以下环保指令或法规： <br>□ROHS(2011/65/EU)（2015/863/EU）<br>□REACH(1907/2006/EC)<br>□WEE
低,占位符未替换,11-设计确认\15-设计确认评审记录.assets\sheets_md\01_设计确认评审记录.md,8,___________________________________________,| □否  问题说明：___________________________________________ |  |  |  |  |  |  |  |  |  |  |  |  |  |  |  |  |  |  |  |  |  | 
低,占位符未替换,13-体温计法规\FDA_Guidance_Applying_Human_Factors_and_Usability_Engineering_to_Medical_Devices_(2016).md,168,__________________________________________________________,Introduction __________________________________________________________ 1
低,占位符未替换,13-体温计法规\FDA_Guidance_Applying_Human_Factors_and_Usability_Engineering_to_Medical_Devices_(2016).md,170,_______________________________________________________________,Scope _______________________________________________________________ 1
低,占位符未替换,13-体温计法规\FDA_Guidance_Applying_Human_Factors_and_Usability_Engineering_to_Medical_Devices_(2016).md,172,___________________________________________________________,Definitions ___________________________________________________________ 2
低,占位符未替换,13-体温计法规\FDA_Guidance_Applying_Human_Factors_and_Usability_Engineering_to_Medical_Devices_(2016).md,174,__________________________________________________________,Abnormal use __________________________________________________________ 2
低,占位符未替换,13-体温计法规\FDA_Guidance_Applying_Human_Factors_and_Usability_Engineering_to_Medical_Devices_(2016).md,176,____________________________________________________________,Critical task ____________________________________________________________ 3
低,占位符未替换,13-体温计法规\FDA_Guidance_Applying_Human_Factors_and_Usability_Engineering_to_Medical_Devices_(2016).md,178,____________________________________________________,Formative evaluation ____________________________________________________ 3
低,占位符未替换,13-体温计法规\FDA_Guidance_Applying_Human_Factors_and_Usability_Engineering_to_Medical_Devices_(2016).md,180,________________________________________________________________,Hazard ________________________________________________________________ 3
低,占位符未替换,13-体温计法规\FDA_Guidance_Applying_Human_Factors_and_Usability_Engineering_to_Medical_Devices_(2016).md,182,_____________________________________________________,Hazardous situation _____________________________________________________ 3
低,占位符未替换,13-体温计法规\FDA_Guidance_Applying_Human_Factors_and_Usability_Engineering_to_Medical_Devices_(2016).md,184,_______________________________________________,Human factors engineering _______________________________________________ 3
低,占位符未替换,13-体温计法规\FDA_Guidance_Applying_Human_Factors_and_Usability_Engineering_to_Medical_Devices_(2016).md,186,___________________________________________,Human factors validation testing ___________________________________________ 3
低,占位符未替换,13-体温计法规\FDA_Guidance_Applying_Human_Factors_and_Usability_Engineering_to_Medical_Devices_(2016).md,188,__________________________________________________________________,Task __________________________________________________________________ 3
低,占位符未替换,13-体温计法规\FDA_Guidance_Applying_Human_Factors_and_Usability_Engineering_to_Medical_Devices_(2016).md,190,______________________________________________________________,Use error ______________________________________________________________ 3
低,占位符未替换,13-体温计法规\FDA_Guidance_Applying_Human_Factors_and_Usability_Engineering_to_Medical_Devices_(2016).md,192,______________________________________________________________,Use safety ______________________________________________________________ 3
低,占位符未替换,13-体温计法规\FDA_Guidance_Applying_Human_Factors_and_Usability_Engineering_to_Medical_Devices_(2016).md,194,___________________________________________________________________,User ___________________________________________________________________ 3
低,占位符未替换,13-体温计法规\FDA_Guidance_Applying_Human_Factors_and_Usability_Engineering_to_Medical_Devices_(2016).md,196,___________________________________________________________,User interface___________________________________________________________ 4
低,占位符未替换,13-体温计法规\FDA_Guidance_Applying_Human_Factors_and_Usability_Engineering_to_Medical_Devices_(2016).md,198,____________________________________________________________,Overview ____________________________________________________________ 4
低,占位符未替换,13-体温计法规\FDA_Guidance_Applying_Human_Factors_and_Usability_Engineering_to_Medical_Devices_(2016).md,200,______________________________________,HFE/UE as Part of Risk Management ______________________________________ 4
低,占位符未替换,13-体温计法规\FDA_Guidance_Applying_Human_Factors_and_Usability_Engineering_to_Medical_Devices_(2016).md,202,_______________________________________________________,Risk Management _______________________________________________________ 6
低,占位符未替换,13-体温计法规\FDA_Guidance_Applying_Human_Factors_and_Usability_Engineering_to_Medical_Devices_(2016).md,204,_________________________,"Device Users, Use Environments and User Interface _________________________ 7"
低,占位符未替换,13-体温计法规\FDA_Guidance_Applying_Human_Factors_and_Usability_Engineering_to_Medical_Devices_(2016).md,206,____________________________________________________________,Device Users ____________________________________________________________ 9
低,占位符未替换,13-体温计法规\FDA_Guidance_Applying_Human_Factors_and_Usability_Engineering_to_Medical_Devices_(2016).md,208,________________________________________________,Device Use Environments ________________________________________________ 10
低,占位符未替换,13-体温计法规\FDA_Guidance_Applying_Human_Factors_and_Usability_Engineering_to_Medical_Devices_(2016).md,210,___________________________________________________,Device User Interface ___________________________________________________ 10
低,占位符未替换,13-体温计法规\FDA_Guidance_Applying_Human_Factors_and_Usability_Engineering_to_Medical_Devices_(2016).md,212,___________________________________,Preliminary Analyses and Evaluations ___________________________________ 11
低,占位符未替换,13-体温计法规\FDA_Guidance_Applying_Human_Factors_and_Usability_Engineering_to_Medical_Devices_(2016).md,214,____________,Critical Task Identification and Categorization ____________
低,占位符未替换,13-体温计法规\FDA_Guidance_Applying_Human_Factors_and_Usability_Engineering_to_Medical_Devices_(2016).md,221,___________________________________________________,Simulated-Use Testing ___________________________________________________ 18
低,占位符未替换,13-体温计法规\FDA_Guidance_Applying_Human_Factors_and_Usability_Engineering_to_Medical_Devices_(2016).md,223,__________________________,Elimination or Reduction of Use-Related Hazards __________________________ 19
低,占位符未替换,13-体温计法规\FDA_Guidance_Applying_Human_Factors_and_Usability_Engineering_to_Medical_Devices_(2016).md,225,______________________________________,Human Factors Validation Testing ______________________________________ 20
低,占位符未替换,13-体温计法规\FDA_Guidance_Applying_Human_Factors_and_Usability_Engineering_to_Medical_Devices_(2016).md,227,___________________________,Simulated-Use Human Factors Validation Testing ___________________________ 21
低,占位符未替换,13-体温计法规\FDA_Guidance_Applying_Human_Factors_and_Usability_Engineering_to_Medical_Devices_(2016).md,229,___________________________________________________,Test Participants (Subjects) ___________________________________________________ 21
低,占位符未替换,13-体温计法规\FDA_Guidance_Applying_Human_Factors_and_Usability_Engineering_to_Medical_Devices_(2016).md,231,_____________________________________________________,Tasks and Use Scenarios _____________________________________________________ 23
低,占位符未替换,13-体温计法规\FDA_Guidance_Applying_Human_Factors_and_Usability_Engineering_to_Medical_Devices_(2016).md,233,_________________________________________________________,Instructions for Use _________________________________________________________ 23
低,占位符未替换,13-体温计法规\FDA_Guidance_Applying_Human_Factors_and_Usability_Engineering_to_Medical_Devices_(2016).md,235,________________________________________________________,Participant Training ________________________________________________________ 24
低,占位符未替换,13-体温计法规\FDA_Guidance_Applying_Human_Factors_and_Usability_Engineering_to_Medical_Devices_(2016).md,237,____________________________________________________________,Data Collection ____________________________________________________________ 24
低,占位符未替换,13-体温计法规\FDA_Guidance_Applying_Human_Factors_and_Usability_Engineering_to_Medical_Devices_(2016).md,239,_______________________________________________________,Observational Data _______________________________________________________ 25
低,占位符未替换,13-体温计法规\FDA_Guidance_Applying_Human_Factors_and_Usability_Engineering_to_Medical_Devices_(2016).md,241,____________________________________________________,Knowledge Task Data ____________________________________________________ 25
低,占位符未替换,13-体温计法规\FDA_Guidance_Applying_Human_Factors_and_Usability_Engineering_to_Medical_Devices_(2016).md,243,__________________________________________________________,Interview Data __________________________________________________________ 26
低,占位符未替换,13-体温计法规\FDA_Guidance_Applying_Human_Factors_and_Usability_Engineering_to_Medical_Devices_(2016).md,245,_______________________________,Analysis of Human Factors Validation Test Results _______________________________ 26
低,占位符未替换,13-体温计法规\FDA_Guidance_Applying_Human_Factors_and_Usability_Engineering_to_Medical_Devices_(2016).md,247,_____________________________________________________________,Residual Risk _____________________________________________________________ 27
低,占位符未替换,13-体温计法规\FDA_Guidance_Applying_Human_Factors_and_Usability_Engineering_to_Medical_Devices_(2016).md,249,_______________________,Human Factors Validation Testing of Modified Devices _______________________ 27
低,占位符未替换,13-体温计法规\FDA_Guidance_Applying_Human_Factors_and_Usability_Engineering_to_Medical_Devices_(2016).md,251,_____________________________________________________,Actual Use Testing _____________________________________________________ 28
低,占位符未替换,13-体温计法规\FDA_Guidance_Applying_Human_Factors_and_Usability_Engineering_to_Medical_Devices_(2016).md,252,______________________________________________________,9.   Documentation ______________________________________________________ 29
低,占位符未替换,13-体温计法规\FDA_Guidance_Applying_Human_Factors_and_Usability_Engineering_to_Medical_Devices_(2016).md,253,__________________________________________________________,10. Conclusion __________________________________________________________ 30
低,占位符未替换,13-体温计法规\FDA_Guidance_Applying_Human_Factors_and_Usability_Engineering_to_Medical_Devices_(2016).md,254,_______________________________________________,Appendix A: HFE/UE Report _______________________________________________ 31
低,占位符未替换,13-体温计法规\FDA_Guidance_Applying_Human_Factors_and_Usability_Engineering_to_Medical_Devices_(2016).md,256,_______________________________________________________,Testing _______________________________________________________ 35
低,占位符未替换,13-体温计法规\FDA_Guidance_Applying_Human_Factors_and_Usability_Engineering_to_Medical_Devices_(2016).md,257,______________,Appendix C: Analyzing Results of Human Factors Validation Testing  ______________ 37
低,占位符未替换,13-体温计法规\FDA_Guidance_Applying_Human_Factors_and_Usability_Engineering_to_Medical_Devices_(2016).md,258,___________________________________________,Appendix D: HFE/UE References ___________________________________________ 43
